-- ------------------------------------------------------
-- Server version	5.7.21-0ubuntu0.16.04.1

/*!40101 SET @OLD_CHARACTER_SET_CLIENT=@@CHARACTER_SET_CLIENT */;
/*!40101 SET @OLD_CHARACTER_SET_RESULTS=@@CHARACTER_SET_RESULTS */;
/*!40101 SET @OLD_COLLATION_CONNECTION=@@COLLATION_CONNECTION */;
/*!40101 SET NAMES utf8 */;
/*!40103 SET @OLD_TIME_ZONE=@@TIME_ZONE */;
/*!40103 SET TIME_ZONE='+00:00' */;
/*!40014 SET @OLD_UNIQUE_CHECKS=@@UNIQUE_CHECKS, UNIQUE_CHECKS=0 */;
/*!40014 SET @OLD_FOREIGN_KEY_CHECKS=@@FOREIGN_KEY_CHECKS, FOREIGN_KEY_CHECKS=0 */;
/*!40101 SET @OLD_SQL_MODE=@@SQL_MODE, SQL_MODE='NO_AUTO_VALUE_ON_ZERO' */;
/*!40111 SET @OLD_SQL_NOTES=@@SQL_NOTES, SQL_NOTES=0 */;

--
-- Table structure for table `ability`
--

DROP TABLE IF EXISTS `ability`;
/*!40101 SET @saved_cs_client     = @@character_set_client */;
/*!40101 SET character_set_client = utf8 */;
CREATE TABLE `ability` (
  `ability_id` tinyint(3) unsigned NOT NULL AUTO_INCREMENT,
  `ability` varchar(40) NOT NULL,
  PRIMARY KEY (`ability_id`)
) ENGINE=InnoDB AUTO_INCREMENT=36 DEFAULT CHARSET=latin1;
/*!40101 SET character_set_client = @saved_cs_client */;

--
-- Dumping data for table `ability`
--

LOCK TABLES `ability` WRITE;
/*!40000 ALTER TABLE `ability` DISABLE KEYS */;
INSERT INTO `ability` VALUES (1,'NULL'),(2,'Shardbearer'),(3,'Surgebinding'),(4,'Unknown'),(5,'Warform'),(6,'Shardbearer (formerly)'),(7,'Surgebinding (Bondsmith)'),(8,'Workform'),(9,'Worldhopper'),(10,'Allomancy'),(11,'Feruchemy'),(12,'Awakening'),(13,'Lightweaving'),(14,'Surgebinding (Elsecaller)'),(15,'Surgebinding (Windrunner)'),(16,'Surgebinder'),(17,'Surgebinding (Edgedancer)'),(18,'Assassination'),(19,'Observation'),(20,'Surgebinding (Squire)'),(21,'Surgebinder  (Bondsmith)'),(22,'Shardbearer (WoR)'),(23,'Various'),(24,'Old Magic'),(25,'Surgebinding (Truthwatcher)'),(26,'Sees all types of Spren'),(27,'Surgebinding (Lightweaver)'),(28,'Surgebinding: Windrunner (formerly)'),(29,'Skybreaker (purportedly)'),(30,'AonDor'),(31,'Nimbleform'),(32,'Surgebinder (Truthwatcher)'),(33,'Awakener'),(34,'Spren sense'),(35,'life sense');
/*!40000 ALTER TABLE `ability` ENABLE KEYS */;
UNLOCK TABLES;

--
-- Table structure for table `alias`
--

DROP TABLE IF EXISTS `alias`;
/*!40101 SET @saved_cs_client     = @@character_set_client */;
/*!40101 SET character_set_client = utf8 */;
CREATE TABLE `alias` (
  `alias_id` tinyint(3) unsigned NOT NULL AUTO_INCREMENT,
  `alias` varchar(40) NOT NULL,
  PRIMARY KEY (`alias_id`)
) ENGINE=InnoDB AUTO_INCREMENT=99 DEFAULT CHARSET=latin1;
/*!40101 SET character_set_client = @saved_cs_client */;

--
-- Dumping data for table `alias`
--

LOCK TABLES `alias` WRITE;
/*!40000 ALTER TABLE `alias` DISABLE KEYS */;
INSERT INTO `alias` VALUES (1,'NULL'),(2,'Heart of the Revel'),(3,'Battah'),(4,'Chana'),(5,'Chanaranach'),(6,'Yanagawn'),(7,'Jezerezeh-Elin'),(8,'Stormfather'),(9,'Kal'),(10,'Kelek'),(11,'The Weeper'),(12,'Mraize'),(13,'Nalan\'Elin'),(14,'Nalan'),(15,'Nin'),(16,'Shardblade'),(17,'Nohadon the Peacemaker'),(18,'Bajerden'),(19,'Shard of Adonalsium'),(20,'Pali'),(21,'Pailiah'),(22,'Midnight Mother'),(23,'Shen'),(24,'Rock'),(25,'Ash'),(26,'Shalash\'Elin'),(27,'Veil'),(28,'Radiant'),(29,'Swiftspren'),(30,'Rlain'),(31,'Shallan Davar'),(32,'Taln'),(33,'Talenelat'),(34,'Stonesinew'),(35,'Temoo'),(36,'Grump'),(37,'Liss'),(38,'Demoux'),(39,'Vao'),(40,'Vedeledev'),(41,'Gawx'),(42,'Blightwind'),(43,'Zahel'),(44,'Vasher'),(45,'Kalad'),(46,'Strifelover'),(47,'Peacegiver the Blessed'),(48,'Talaxin or Tax'),(49,'Warbreaker the Peaceful'),(50,'NULL'),(51,'Heart of the Revel'),(52,'Battah'),(53,'Chana'),(54,'Chanaranach'),(55,'Yanagawn'),(56,'Jezerezeh-Elin'),(57,'Stormfather'),(58,'Kal'),(59,'Kelek'),(60,'The Weeper'),(61,'Mraize'),(62,'Nalan\'Elin'),(63,'Nalan'),(64,'Nin'),(65,'Shardblade'),(66,'Nohadon the Peacemaker'),(67,'Bajerden'),(68,'Shard of Adonalsium'),(69,'Pali'),(70,'Pailiah'),(71,'Midnight Mother'),(72,'Shen'),(73,'Rock'),(74,'Ash'),(75,'Shalash\'Elin'),(76,'Veil'),(77,'Radiant'),(78,'Swiftspren'),(79,'Rlain'),(80,'Shallan Davar'),(81,'Taln'),(82,'Talenelat'),(83,'Stonesinew'),(84,'Temoo'),(85,'Grump'),(86,'Liss'),(87,'Demoux'),(88,'Vao'),(89,'Vedeledev'),(90,'Gawx'),(91,'Blightwind'),(92,'Zahel'),(93,'Vasher'),(94,'Kalad'),(95,'Strifelover'),(96,'Peacegiver the Blessed'),(97,'Talaxin or Tax'),(98,'Warbreaker the Peaceful');
/*!40000 ALTER TABLE `alias` ENABLE KEYS */;
UNLOCK TABLES;

--
-- Table structure for table `book`
--

DROP TABLE IF EXISTS `book`;
/*!40101 SET @saved_cs_client     = @@character_set_client */;
/*!40101 SET character_set_client = utf8 */;
CREATE TABLE `book` (
  `book_id` tinyint(3) unsigned NOT NULL AUTO_INCREMENT,
  `book` varchar(40) NOT NULL,
  PRIMARY KEY (`book_id`)
) ENGINE=InnoDB AUTO_INCREMENT=26 DEFAULT CHARSET=latin1;
/*!40101 SET character_set_client = @saved_cs_client */;

--
-- Dumping data for table `book`
--

LOCK TABLES `book` WRITE;
/*!40000 ALTER TABLE `book` DISABLE KEYS */;
INSERT INTO `book` VALUES (1,'Words of Radiance (mentioned)'),(2,'NULL'),(3,'The Way of Kings'),(4,'Words of Radiance'),(5,'Oathbringer'),(6,'The Way of Kings (mentioned)'),(7,'Oathbringer (mentioned)'),(8,'The Way of Kings (flashbacks)'),(9,'Arcanum Unbounded (mentioned)'),(10,'Edgedancer (mentioned)'),(11,'Arcanum Unbounded'),(12,'Edgedancer'),(13,'Elantris'),(14,'Mistborn: The Final Empire'),(15,'Mistborn: The Well of Ascension'),(16,'Mistborn: The Hero of Ages'),(17,'Warbreaker'),(18,'The Alloy of Law'),(19,'The Emperor\'s Soul'),(20,'Shadows of Self'),(21,'The Bands of Mourning'),(22,'Mistborn: Secret History'),(23,'The Way of Kings (implied)'),(24,'Words of Radiance (flashbacks)'),(25,'Mistborn');
/*!40000 ALTER TABLE `book` ENABLE KEYS */;
UNLOCK TABLES;

--
-- Table structure for table `characters`
--

DROP TABLE IF EXISTS `characters`;
/*!40101 SET @saved_cs_client     = @@character_set_client */;
/*!40101 SET character_set_client = utf8 */;
CREATE TABLE `characters` (
  `character_id` smallint(5) unsigned NOT NULL AUTO_INCREMENT,
  `character_url` varchar(80) NOT NULL,
  PRIMARY KEY (`character_id`)
) ENGINE=InnoDB AUTO_INCREMENT=427 DEFAULT CHARSET=latin1;
/*!40101 SET character_set_client = @saved_cs_client */;

--
-- Dumping data for table `characters`
--

LOCK TABLES `characters` WRITE;
/*!40000 ALTER TABLE `characters` DISABLE KEYS */;
INSERT INTO `characters` VALUES (1,'http://stormlightarchive.wikia.com/wiki/Abrial'),(2,'http://stormlightarchive.wikia.com/wiki/Abrobadar'),(3,'http://stormlightarchive.wikia.com/wiki/Abronai'),(4,'http://stormlightarchive.wikia.com/wiki/Adis'),(5,'http://stormlightarchive.wikia.com/wiki/Adolin_Kholin'),(6,'http://stormlightarchive.wikia.com/wiki/Adrotagia'),(7,'http://stormlightarchive.wikia.com/wiki/Aesudan_Kholin'),(8,'http://stormlightarchive.wikia.com/wiki/Alabet'),(9,'http://stormlightarchive.wikia.com/wiki/Aladar'),(10,'http://stormlightarchive.wikia.com/wiki/Alakavish'),(11,'http://stormlightarchive.wikia.com/wiki/Alds'),(12,'http://stormlightarchive.wikia.com/wiki/Ali-daughter-Hasweth'),(13,'http://stormlightarchive.wikia.com/wiki/Alim'),(14,'http://stormlightarchive.wikia.com/wiki/Amark'),(15,'http://stormlightarchive.wikia.com/wiki/Apara'),(16,'http://stormlightarchive.wikia.com/wiki/Apothecary'),(17,'http://stormlightarchive.wikia.com/wiki/Arclo'),(18,'http://stormlightarchive.wikia.com/wiki/Arik'),(19,'http://stormlightarchive.wikia.com/wiki/Artmyrn'),(20,'http://stormlightarchive.wikia.com/wiki/Artmyrn%27s_wife'),(21,'http://stormlightarchive.wikia.com/wiki/Ashelem'),(22,'http://stormlightarchive.wikia.com/wiki/Ashertmarn'),(23,'http://stormlightarchive.wikia.com/wiki/Ashir'),(24,'http://stormlightarchive.wikia.com/wiki/Ashlv'),(25,'http://stormlightarchive.wikia.com/wiki/Au-nak'),(26,'http://stormlightarchive.wikia.com/wiki/Av'),(27,'http://stormlightarchive.wikia.com/wiki/Avado'),(28,'http://stormlightarchive.wikia.com/wiki/Avaran'),(29,'http://stormlightarchive.wikia.com/wiki/Avena'),(30,'http://stormlightarchive.wikia.com/wiki/Axies_the_Collector'),(31,'http://stormlightarchive.wikia.com/wiki/Ba-Ado-Mishram'),(32,'http://stormlightarchive.wikia.com/wiki/Balat_Davar'),(33,'http://stormlightarchive.wikia.com/wiki/Barlesha_Lhan'),(34,'http://stormlightarchive.wikia.com/wiki/Barmest'),(35,'http://stormlightarchive.wikia.com/wiki/Bashin'),(36,'http://stormlightarchive.wikia.com/wiki/Battar'),(37,'http://stormlightarchive.wikia.com/wiki/Baxil'),(38,'http://stormlightarchive.wikia.com/wiki/Beld'),(39,'http://stormlightarchive.wikia.com/wiki/Bethab'),(40,'http://stormlightarchive.wikia.com/wiki/Bila'),(41,'http://stormlightarchive.wikia.com/wiki/Bisig'),(42,'http://stormlightarchive.wikia.com/wiki/Blightwind'),(43,'http://stormlightarchive.wikia.com/wiki/Bluth'),(44,'http://stormlightarchive.wikia.com/wiki/Bordin'),(45,'http://stormlightarchive.wikia.com/wiki/Boriar'),(46,'http://stormlightarchive.wikia.com/wiki/Brianlia'),(47,'http://stormlightarchive.wikia.com/wiki/Brightlord_Gevelmar'),(48,'http://stormlightarchive.wikia.com/wiki/Brightlord_Havar'),(49,'http://stormlightarchive.wikia.com/wiki/Brightlord_Lustow'),(50,'http://stormlightarchive.wikia.com/wiki/Brightlord_Morakotha'),(51,'http://stormlightarchive.wikia.com/wiki/Brightlord_Resi'),(52,'http://stormlightarchive.wikia.com/wiki/Brightlord_Roshone'),(53,'http://stormlightarchive.wikia.com/wiki/Brightlord_Seveks'),(54,'http://stormlightarchive.wikia.com/wiki/Brightlord_Sheler'),(55,'http://stormlightarchive.wikia.com/wiki/Brightlord_Tashlin'),(56,'http://stormlightarchive.wikia.com/wiki/Brightlord_Tavinar'),(57,'http://stormlightarchive.wikia.com/wiki/Brightness_Davar'),(58,'http://stormlightarchive.wikia.com/wiki/Brightness_Hasheh'),(59,'http://stormlightarchive.wikia.com/wiki/Brightness_Istow'),(60,'http://stormlightarchive.wikia.com/wiki/Cael'),(61,'http://stormlightarchive.wikia.com/wiki/Cenn'),(62,'http://stormlightarchive.wikia.com/wiki/Chanada'),(63,'http://stormlightarchive.wikia.com/wiki/Chanarach'),(64,'http://stormlightarchive.wikia.com/wiki/Chilinko'),(65,'http://stormlightarchive.wikia.com/wiki/Chivi'),(66,'http://stormlightarchive.wikia.com/wiki/Corberon'),(67,'http://stormlightarchive.wikia.com/wiki/Coreb'),(68,'http://stormlightarchive.wikia.com/wiki/Corl'),(69,'http://stormlightarchive.wikia.com/wiki/Corvana'),(70,'http://stormlightarchive.wikia.com/wiki/Cyn'),(71,'http://stormlightarchive.wikia.com/wiki/Dabbid'),(72,'http://stormlightarchive.wikia.com/wiki/Dalar'),(73,'http://stormlightarchive.wikia.com/wiki/Dalinar_Kholin'),(74,'http://stormlightarchive.wikia.com/wiki/Dallet'),(75,'http://stormlightarchive.wikia.com/wiki/Dandos_the_Oilsworn'),(76,'http://stormlightarchive.wikia.com/wiki/Danlan_Morakotha'),(77,'http://stormlightarchive.wikia.com/wiki/Davim'),(78,'http://stormlightarchive.wikia.com/wiki/Deeli'),(79,'http://stormlightarchive.wikia.com/wiki/Delp'),(80,'http://stormlightarchive.wikia.com/wiki/Demid'),(81,'http://stormlightarchive.wikia.com/wiki/Derethil'),(82,'http://stormlightarchive.wikia.com/wiki/Dova'),(83,'http://stormlightarchive.wikia.com/wiki/Drehy'),(84,'http://stormlightarchive.wikia.com/wiki/Dunny'),(85,'http://stormlightarchive.wikia.com/wiki/Dym'),(86,'http://stormlightarchive.wikia.com/wiki/Elhokar_Kholin'),(87,'http://stormlightarchive.wikia.com/wiki/Elit_Ruthar'),(88,'http://stormlightarchive.wikia.com/wiki/Elthal'),(89,'http://stormlightarchive.wikia.com/wiki/Elthebar'),(90,'http://stormlightarchive.wikia.com/wiki/En'),(91,'http://stormlightarchive.wikia.com/wiki/Erraniv'),(92,'http://stormlightarchive.wikia.com/wiki/Eshava'),(93,'http://stormlightarchive.wikia.com/wiki/Eshonai'),(94,'http://stormlightarchive.wikia.com/wiki/Eshonai%27s_Mother'),(95,'http://stormlightarchive.wikia.com/wiki/Eth'),(96,'http://stormlightarchive.wikia.com/wiki/Evi_Kholin'),(97,'http://stormlightarchive.wikia.com/wiki/Evinor'),(98,'http://stormlightarchive.wikia.com/wiki/Evod_Markmaker'),(99,'http://stormlightarchive.wikia.com/wiki/Extes'),(100,'http://stormlightarchive.wikia.com/wiki/Eylita_Tavinar'),(101,'http://stormlightarchive.wikia.com/wiki/F%27en_Rnamdi'),(102,'http://stormlightarchive.wikia.com/wiki/Fabrisan'),(103,'http://stormlightarchive.wikia.com/wiki/Falilar'),(104,'http://stormlightarchive.wikia.com/wiki/Falksi'),(105,'http://stormlightarchive.wikia.com/wiki/Fin'),(106,'http://stormlightarchive.wikia.com/wiki/Fladm'),(107,'http://stormlightarchive.wikia.com/wiki/Fleet'),(108,'http://stormlightarchive.wikia.com/wiki/Frost'),(109,'http://stormlightarchive.wikia.com/wiki/Gabrathin'),(110,'http://stormlightarchive.wikia.com/wiki/Gadol'),(111,'http://stormlightarchive.wikia.com/wiki/Gangnah'),(112,'http://stormlightarchive.wikia.com/wiki/Gare'),(113,'http://stormlightarchive.wikia.com/wiki/Gashash'),(114,'http://stormlightarchive.wikia.com/wiki/Gavarah'),(115,'http://stormlightarchive.wikia.com/wiki/Gavashaw'),(116,'http://stormlightarchive.wikia.com/wiki/Gavilar_Kholin'),(117,'http://stormlightarchive.wikia.com/wiki/Gavinor_Kholin'),(118,'http://stormlightarchive.wikia.com/wiki/Gawx'),(119,'http://stormlightarchive.wikia.com/wiki/Gaz'),(120,'http://stormlightarchive.wikia.com/wiki/Geranid'),(121,'http://stormlightarchive.wikia.com/wiki/Ghenna'),(122,'http://stormlightarchive.wikia.com/wiki/Gitgeth'),(123,'http://stormlightarchive.wikia.com/wiki/Glys'),(124,'http://stormlightarchive.wikia.com/wiki/Goshel'),(125,'http://stormlightarchive.wikia.com/wiki/Graves'),(126,'http://stormlightarchive.wikia.com/wiki/Gregorh'),(127,'http://stormlightarchive.wikia.com/wiki/Gu'),(128,'http://stormlightarchive.wikia.com/wiki/Guyn'),(129,'http://stormlightarchive.wikia.com/wiki/Hab'),(130,'http://stormlightarchive.wikia.com/wiki/Habsant'),(131,'http://stormlightarchive.wikia.com/wiki/Hallaw'),(132,'http://stormlightarchive.wikia.com/wiki/Hammie'),(133,'http://stormlightarchive.wikia.com/wiki/Hanavanar'),(134,'http://stormlightarchive.wikia.com/wiki/Harkaylain'),(135,'http://stormlightarchive.wikia.com/wiki/Harl'),(136,'http://stormlightarchive.wikia.com/wiki/Hashal'),(137,'http://stormlightarchive.wikia.com/wiki/Hasweth'),(138,'http://stormlightarchive.wikia.com/wiki/Hatham'),(139,'http://stormlightarchive.wikia.com/wiki/Hauka'),(140,'http://stormlightarchive.wikia.com/wiki/Hav'),(141,'http://stormlightarchive.wikia.com/wiki/Havarah'),(142,'http://stormlightarchive.wikia.com/wiki/Havrom'),(143,'http://stormlightarchive.wikia.com/wiki/Heb'),(144,'http://stormlightarchive.wikia.com/wiki/Helaran_Davar'),(145,'http://stormlightarchive.wikia.com/wiki/Hesina'),(146,'http://stormlightarchive.wikia.com/wiki/Hmalka'),(147,'http://stormlightarchive.wikia.com/wiki/Hobber'),(148,'http://stormlightarchive.wikia.com/wiki/Hoid'),(149,'http://stormlightarchive.wikia.com/wiki/Huqin'),(150,'http://stormlightarchive.wikia.com/wiki/Ialai_Sadeas'),(151,'http://stormlightarchive.wikia.com/wiki/Idolir'),(152,'http://stormlightarchive.wikia.com/wiki/Idrin'),(153,'http://stormlightarchive.wikia.com/wiki/Inadara'),(154,'http://stormlightarchive.wikia.com/wiki/Inkima'),(155,'http://stormlightarchive.wikia.com/wiki/Invia'),(156,'http://stormlightarchive.wikia.com/wiki/Isasik_Shulin'),(157,'http://stormlightarchive.wikia.com/wiki/Ishar'),(158,'http://stormlightarchive.wikia.com/wiki/Ishikk'),(159,'http://stormlightarchive.wikia.com/wiki/Ivis'),(160,'http://stormlightarchive.wikia.com/wiki/Ivory'),(161,'http://stormlightarchive.wikia.com/wiki/Ixil'),(162,'http://stormlightarchive.wikia.com/wiki/Iyatil'),(163,'http://stormlightarchive.wikia.com/wiki/Jakamav'),(164,'http://stormlightarchive.wikia.com/wiki/Jaks'),(165,'http://stormlightarchive.wikia.com/wiki/Jal_Mala'),(166,'http://stormlightarchive.wikia.com/wiki/Jam'),(167,'http://stormlightarchive.wikia.com/wiki/Jam%27s_Father'),(168,'http://stormlightarchive.wikia.com/wiki/Janala_Lustow'),(169,'http://stormlightarchive.wikia.com/wiki/Jasnah_Kholin'),(170,'http://stormlightarchive.wikia.com/wiki/Jayla_Ruthar'),(171,'http://stormlightarchive.wikia.com/wiki/Jenet'),(172,'http://stormlightarchive.wikia.com/wiki/Jenin'),(173,'http://stormlightarchive.wikia.com/wiki/Jest'),(174,'http://stormlightarchive.wikia.com/wiki/Jezrien'),(175,'http://stormlightarchive.wikia.com/wiki/Joshor'),(176,'http://stormlightarchive.wikia.com/wiki/Jost'),(177,'http://stormlightarchive.wikia.com/wiki/Jushu_Davar'),(178,'http://stormlightarchive.wikia.com/wiki/Kabsal'),(179,'http://stormlightarchive.wikia.com/wiki/Kadash'),(180,'http://stormlightarchive.wikia.com/wiki/Kadasix'),(181,'http://stormlightarchive.wikia.com/wiki/Kaladin'),(182,'http://stormlightarchive.wikia.com/wiki/Kalak'),(183,'http://stormlightarchive.wikia.com/wiki/Kalami'),(184,'http://stormlightarchive.wikia.com/wiki/Kalana'),(185,'http://stormlightarchive.wikia.com/wiki/Kalishor'),(186,'http://stormlightarchive.wikia.com/wiki/Katarotam'),(187,'http://stormlightarchive.wikia.com/wiki/Kazilah'),(188,'http://stormlightarchive.wikia.com/wiki/Khal'),(189,'http://stormlightarchive.wikia.com/wiki/Khal%27s_Son'),(190,'http://stormlightarchive.wikia.com/wiki/Khav'),(191,'http://stormlightarchive.wikia.com/wiki/Khriss'),(192,'http://stormlightarchive.wikia.com/wiki/Klade'),(193,'http://stormlightarchive.wikia.com/wiki/Koolf'),(194,'http://stormlightarchive.wikia.com/wiki/Koorm'),(195,'http://stormlightarchive.wikia.com/wiki/Korater'),(196,'http://stormlightarchive.wikia.com/wiki/Kylrm'),(197,'http://stormlightarchive.wikia.com/wiki/Ladent'),(198,'http://stormlightarchive.wikia.com/wiki/Lalai'),(199,'http://stormlightarchive.wikia.com/wiki/Lamaril'),(200,'http://stormlightarchive.wikia.com/wiki/Lanacin_the_Surefooted'),(201,'http://stormlightarchive.wikia.com/wiki/Laral_Wistiow'),(202,'http://stormlightarchive.wikia.com/wiki/Laresh'),(203,'http://stormlightarchive.wikia.com/wiki/Leef'),(204,'http://stormlightarchive.wikia.com/wiki/Leyten'),(205,'http://stormlightarchive.wikia.com/wiki/Lhan'),(206,'http://stormlightarchive.wikia.com/wiki/Lhanin'),(207,'http://stormlightarchive.wikia.com/wiki/Lift'),(208,'http://stormlightarchive.wikia.com/wiki/Lift%27s_Mother'),(209,'http://stormlightarchive.wikia.com/wiki/Lin_Davar'),(210,'http://stormlightarchive.wikia.com/wiki/Lirin'),(211,'http://stormlightarchive.wikia.com/wiki/Liss'),(212,'http://stormlightarchive.wikia.com/wiki/Litima'),(213,'http://stormlightarchive.wikia.com/wiki/Lomard'),(214,'http://stormlightarchive.wikia.com/wiki/Longshadow'),(215,'http://stormlightarchive.wikia.com/wiki/Lopen'),(216,'http://stormlightarchive.wikia.com/wiki/Luesh'),(217,'http://stormlightarchive.wikia.com/wiki/Lunu%27anaki'),(218,'http://stormlightarchive.wikia.com/wiki/Maben'),(219,'http://stormlightarchive.wikia.com/wiki/Macob'),(220,'http://stormlightarchive.wikia.com/wiki/Madasa'),(221,'http://stormlightarchive.wikia.com/wiki/Maib'),(222,'http://stormlightarchive.wikia.com/wiki/Makal'),(223,'http://stormlightarchive.wikia.com/wiki/Makkek'),(224,'http://stormlightarchive.wikia.com/wiki/Malan'),(225,'http://stormlightarchive.wikia.com/wiki/Malasha_Seveks'),(226,'http://stormlightarchive.wikia.com/wiki/Malchin'),(227,'http://stormlightarchive.wikia.com/wiki/Malise_Gevelmar'),(228,'http://stormlightarchive.wikia.com/wiki/Malop'),(229,'http://stormlightarchive.wikia.com/wiki/Manaline'),(230,'http://stormlightarchive.wikia.com/wiki/Maps_(person)'),(231,'http://stormlightarchive.wikia.com/wiki/Marks'),(232,'http://stormlightarchive.wikia.com/wiki/Marri'),(233,'http://stormlightarchive.wikia.com/wiki/Mart'),(234,'http://stormlightarchive.wikia.com/wiki/Matain'),(235,'http://stormlightarchive.wikia.com/wiki/Matal'),(236,'http://stormlightarchive.wikia.com/wiki/Maxin'),(237,'http://stormlightarchive.wikia.com/wiki/May_Aladar'),(238,'http://stormlightarchive.wikia.com/wiki/Melishi'),(239,'http://stormlightarchive.wikia.com/wiki/Meridas_Amaram'),(240,'http://stormlightarchive.wikia.com/wiki/Mesh'),(241,'http://stormlightarchive.wikia.com/wiki/Miasal'),(242,'http://stormlightarchive.wikia.com/wiki/Mik'),(243,'http://stormlightarchive.wikia.com/wiki/Mik%27s_Mother'),(244,'http://stormlightarchive.wikia.com/wiki/Milp'),(245,'http://stormlightarchive.wikia.com/wiki/Moash'),(246,'http://stormlightarchive.wikia.com/wiki/Moelach'),(247,'http://stormlightarchive.wikia.com/wiki/Mord'),(248,'http://stormlightarchive.wikia.com/wiki/Mraize'),(249,'http://stormlightarchive.wikia.com/wiki/Mrall'),(250,'http://stormlightarchive.wikia.com/wiki/Mungam'),(251,'http://stormlightarchive.wikia.com/wiki/Murk'),(252,'http://stormlightarchive.wikia.com/wiki/Nacomb_Gaval'),(253,'http://stormlightarchive.wikia.com/wiki/Nadris'),(254,'http://stormlightarchive.wikia.com/wiki/Nafti'),(255,'http://stormlightarchive.wikia.com/wiki/Naget'),(256,'http://stormlightarchive.wikia.com/wiki/Nakal'),(257,'http://stormlightarchive.wikia.com/wiki/Nale'),(258,'http://stormlightarchive.wikia.com/wiki/Nale%27s_Underlings'),(259,'http://stormlightarchive.wikia.com/wiki/Nall'),(260,'http://stormlightarchive.wikia.com/wiki/Nalma'),(261,'http://stormlightarchive.wikia.com/wiki/Nanhel_Eltorv'),(262,'http://stormlightarchive.wikia.com/wiki/Narm'),(263,'http://stormlightarchive.wikia.com/wiki/Nashan'),(264,'http://stormlightarchive.wikia.com/wiki/Natam'),(265,'http://stormlightarchive.wikia.com/wiki/Navammis'),(266,'http://stormlightarchive.wikia.com/wiki/Navani_Kholin'),(267,'http://stormlightarchive.wikia.com/wiki/Nazh'),(268,'http://stormlightarchive.wikia.com/wiki/Nelda'),(269,'http://stormlightarchive.wikia.com/wiki/Nergaoul'),(270,'http://stormlightarchive.wikia.com/wiki/Neturo'),(271,'http://stormlightarchive.wikia.com/wiki/Niali_the_Just'),(272,'http://stormlightarchive.wikia.com/wiki/Nightblood'),(273,'http://stormlightarchive.wikia.com/wiki/Nightwatcher'),(274,'http://stormlightarchive.wikia.com/wiki/Nissiquan'),(275,'http://stormlightarchive.wikia.com/wiki/Niter'),(276,'http://stormlightarchive.wikia.com/wiki/Nlent'),(277,'http://stormlightarchive.wikia.com/wiki/Nohadon'),(278,'http://stormlightarchive.wikia.com/wiki/Nu_Ralik'),(279,'http://stormlightarchive.wikia.com/wiki/Nuatoma'),(280,'http://stormlightarchive.wikia.com/wiki/Odium'),(281,'http://stormlightarchive.wikia.com/wiki/Old_Man'),(282,'http://stormlightarchive.wikia.com/wiki/Old_Tarn'),(283,'http://stormlightarchive.wikia.com/wiki/Oolelen'),(284,'http://stormlightarchive.wikia.com/wiki/Pai'),(285,'http://stormlightarchive.wikia.com/wiki/Paliah'),(286,'http://stormlightarchive.wikia.com/wiki/Palona'),(287,'http://stormlightarchive.wikia.com/wiki/Pama'),(288,'http://stormlightarchive.wikia.com/wiki/Parasaphi'),(289,'http://stormlightarchive.wikia.com/wiki/Pattern'),(290,'http://stormlightarchive.wikia.com/wiki/Pedin'),(291,'http://stormlightarchive.wikia.com/wiki/Peet'),(292,'http://stormlightarchive.wikia.com/wiki/Perethom'),(293,'http://stormlightarchive.wikia.com/wiki/Pitt'),(294,'http://stormlightarchive.wikia.com/wiki/Placini'),(295,'http://stormlightarchive.wikia.com/wiki/Punio'),(296,'http://stormlightarchive.wikia.com/wiki/Ral'),(297,'http://stormlightarchive.wikia.com/wiki/Ralinor'),(298,'http://stormlightarchive.wikia.com/wiki/Re-Shepir'),(299,'http://stormlightarchive.wikia.com/wiki/Red'),(300,'http://stormlightarchive.wikia.com/wiki/Redin'),(301,'http://stormlightarchive.wikia.com/wiki/Reesh'),(302,'http://stormlightarchive.wikia.com/wiki/Relis_Ruthar'),(303,'http://stormlightarchive.wikia.com/wiki/Renarin_Kholin'),(304,'http://stormlightarchive.wikia.com/wiki/Rencalt'),(305,'http://stormlightarchive.wikia.com/wiki/Reral_Makoram'),(306,'http://stormlightarchive.wikia.com/wiki/Restares'),(307,'http://stormlightarchive.wikia.com/wiki/Rez'),(308,'http://stormlightarchive.wikia.com/wiki/Rill'),(309,'http://stormlightarchive.wikia.com/wiki/Rilla'),(310,'http://stormlightarchive.wikia.com/wiki/Rillir_Roshone'),(311,'http://stormlightarchive.wikia.com/wiki/Rin'),(312,'http://stormlightarchive.wikia.com/wiki/Rind'),(313,'http://stormlightarchive.wikia.com/wiki/Rlain'),(314,'http://stormlightarchive.wikia.com/wiki/Rock'),(315,'http://stormlightarchive.wikia.com/wiki/Rod'),(316,'http://stormlightarchive.wikia.com/wiki/Roion'),(317,'http://stormlightarchive.wikia.com/wiki/Rushu'),(318,'http://stormlightarchive.wikia.com/wiki/Rysn'),(319,'http://stormlightarchive.wikia.com/wiki/Salinor_Eved'),(320,'http://stormlightarchive.wikia.com/wiki/Sani'),(321,'http://stormlightarchive.wikia.com/wiki/Sebarial'),(322,'http://stormlightarchive.wikia.com/wiki/Seeli'),(323,'http://stormlightarchive.wikia.com/wiki/Shalash'),(324,'http://stormlightarchive.wikia.com/wiki/Shallan_Davar'),(325,'http://stormlightarchive.wikia.com/wiki/Shauka-daughter-Hasweth'),(326,'http://stormlightarchive.wikia.com/wiki/Shen'),(327,'http://stormlightarchive.wikia.com/wiki/Shoren'),(328,'http://stormlightarchive.wikia.com/wiki/Sidin'),(329,'http://stormlightarchive.wikia.com/wiki/Sigzil'),(330,'http://stormlightarchive.wikia.com/wiki/Simol'),(331,'http://stormlightarchive.wikia.com/wiki/Sinbian'),(332,'http://stormlightarchive.wikia.com/wiki/Sja-anat'),(333,'http://stormlightarchive.wikia.com/wiki/Skar'),(334,'http://stormlightarchive.wikia.com/wiki/Sphere_Vault_Thief'),(335,'http://stormlightarchive.wikia.com/wiki/Stormfather'),(336,'http://stormlightarchive.wikia.com/wiki/Sunmaker'),(337,'http://stormlightarchive.wikia.com/wiki/Swiftspren'),(338,'http://stormlightarchive.wikia.com/wiki/Syasikk'),(339,'http://stormlightarchive.wikia.com/wiki/Sylphrena'),(340,'http://stormlightarchive.wikia.com/wiki/Szeth'),(341,'http://stormlightarchive.wikia.com/wiki/Tadet'),(342,'http://stormlightarchive.wikia.com/wiki/Taffa'),(343,'http://stormlightarchive.wikia.com/wiki/Tag'),(344,'http://stormlightarchive.wikia.com/wiki/Taka'),(345,'http://stormlightarchive.wikia.com/wiki/Talanor'),(346,'http://stormlightarchive.wikia.com/wiki/Talata'),(347,'http://stormlightarchive.wikia.com/wiki/Talenel%27Elin'),(348,'http://stormlightarchive.wikia.com/wiki/Talik'),(349,'http://stormlightarchive.wikia.com/wiki/Tarah'),(350,'http://stormlightarchive.wikia.com/wiki/Taran'),(351,'http://stormlightarchive.wikia.com/wiki/Taravangian'),(352,'http://stormlightarchive.wikia.com/wiki/Taravangian%27s_Granddaughter'),(353,'http://stormlightarchive.wikia.com/wiki/Tarilar'),(354,'http://stormlightarchive.wikia.com/wiki/Tearim'),(355,'http://stormlightarchive.wikia.com/wiki/Teft'),(356,'http://stormlightarchive.wikia.com/wiki/Teleb'),(357,'http://stormlightarchive.wikia.com/wiki/Telesh'),(358,'http://stormlightarchive.wikia.com/wiki/Temoo'),(359,'http://stormlightarchive.wikia.com/wiki/Teshav'),(360,'http://stormlightarchive.wikia.com/wiki/Tezim'),(361,'http://stormlightarchive.wikia.com/wiki/Thaidakar'),(362,'http://stormlightarchive.wikia.com/wiki/Thakka'),(363,'http://stormlightarchive.wikia.com/wiki/Thanadal'),(364,'http://stormlightarchive.wikia.com/wiki/Thaspic'),(365,'http://stormlightarchive.wikia.com/wiki/The_Cook'),(366,'http://stormlightarchive.wikia.com/wiki/The_Shopkeeper'),(367,'http://stormlightarchive.wikia.com/wiki/The_Stump'),(368,'http://stormlightarchive.wikia.com/wiki/The_Weeper'),(369,'http://stormlightarchive.wikia.com/wiki/Thinker'),(370,'http://stormlightarchive.wikia.com/wiki/Thresh-son-Esan'),(371,'http://stormlightarchive.wikia.com/wiki/Thude'),(372,'http://stormlightarchive.wikia.com/wiki/Tibon'),(373,'http://stormlightarchive.wikia.com/wiki/Tien'),(374,'http://stormlightarchive.wikia.com/wiki/Tift'),(375,'http://stormlightarchive.wikia.com/wiki/Tigzikk'),(376,'http://stormlightarchive.wikia.com/wiki/Tinalar'),(377,'http://stormlightarchive.wikia.com/wiki/Tiqqa'),(378,'http://stormlightarchive.wikia.com/wiki/Tlik'),(379,'http://stormlightarchive.wikia.com/wiki/Ton'),(380,'http://stormlightarchive.wikia.com/wiki/Took'),(381,'http://stormlightarchive.wikia.com/wiki/Torfin'),(382,'http://stormlightarchive.wikia.com/wiki/Tormas'),(383,'http://stormlightarchive.wikia.com/wiki/Torol'),(384,'http://stormlightarchive.wikia.com/wiki/Torol_Sadeas'),(385,'http://stormlightarchive.wikia.com/wiki/Tozbek'),(386,'http://stormlightarchive.wikia.com/wiki/Treff'),(387,'http://stormlightarchive.wikia.com/wiki/Tukks'),(388,'http://stormlightarchive.wikia.com/wiki/Tvlakv'),(389,'http://stormlightarchive.wikia.com/wiki/Tyn'),(390,'http://stormlightarchive.wikia.com/wiki/Valam'),(391,'http://stormlightarchive.wikia.com/wiki/Valama'),(392,'http://stormlightarchive.wikia.com/wiki/Vallano'),(393,'http://stormlightarchive.wikia.com/wiki/Vamah'),(394,'http://stormlightarchive.wikia.com/wiki/Vao'),(395,'http://stormlightarchive.wikia.com/wiki/Varala'),(396,'http://stormlightarchive.wikia.com/wiki/Varanis'),(397,'http://stormlightarchive.wikia.com/wiki/Varas'),(398,'http://stormlightarchive.wikia.com/wiki/Varnali'),(399,'http://stormlightarchive.wikia.com/wiki/Varth'),(400,'http://stormlightarchive.wikia.com/wiki/Vartian'),(401,'http://stormlightarchive.wikia.com/wiki/Vath'),(402,'http://stormlightarchive.wikia.com/wiki/Vathah'),(403,'http://stormlightarchive.wikia.com/wiki/Vathe'),(404,'http://stormlightarchive.wikia.com/wiki/Vedel'),(405,'http://stormlightarchive.wikia.com/wiki/Veil'),(406,'http://stormlightarchive.wikia.com/wiki/Ven'),(407,'http://stormlightarchive.wikia.com/wiki/Venli'),(408,'http://stormlightarchive.wikia.com/wiki/Vstim'),(409,'http://stormlightarchive.wikia.com/wiki/Vun_Makak'),(410,'http://stormlightarchive.wikia.com/wiki/Wikim_Davar'),(411,'http://stormlightarchive.wikia.com/wiki/Wistiow'),(412,'http://stormlightarchive.wikia.com/wiki/Wmlak'),(413,'http://stormlightarchive.wikia.com/wiki/Wyndle'),(414,'http://stormlightarchive.wikia.com/wiki/Yaezir'),(415,'http://stormlightarchive.wikia.com/wiki/Yake'),(416,'http://stormlightarchive.wikia.com/wiki/Yalb'),(417,'http://stormlightarchive.wikia.com/wiki/Yanagawn'),(418,'http://stormlightarchive.wikia.com/wiki/Yelig-nar'),(419,'http://stormlightarchive.wikia.com/wiki/Yenev'),(420,'http://stormlightarchive.wikia.com/wiki/Yezriar'),(421,'http://stormlightarchive.wikia.com/wiki/Yis'),(422,'http://stormlightarchive.wikia.com/wiki/Ym'),(423,'http://stormlightarchive.wikia.com/wiki/Yustara'),(424,'http://stormlightarchive.wikia.com/wiki/Zahel'),(425,'http://stormlightarchive.wikia.com/wiki/Zen-daughter-Vath'),(426,'http://stormlightarchive.wikia.com/wiki/Zuln');
/*!40000 ALTER TABLE `characters` ENABLE KEYS */;
UNLOCK TABLES;

--
-- Table structure for table `characters_ability`
--

DROP TABLE IF EXISTS `characters_ability`;
/*!40101 SET @saved_cs_client     = @@character_set_client */;
/*!40101 SET character_set_client = utf8 */;
CREATE TABLE `characters_ability` (
  `character_ability_id` smallint(5) unsigned NOT NULL AUTO_INCREMENT,
  `character_id` smallint(5) unsigned NOT NULL,
  `ability` varchar(40) NOT NULL,
  PRIMARY KEY (`character_ability_id`)
) ENGINE=InnoDB AUTO_INCREMENT=440 DEFAULT CHARSET=latin1;
/*!40101 SET character_set_client = @saved_cs_client */;

--
-- Dumping data for table `characters_ability`
--

LOCK TABLES `characters_ability` WRITE;
/*!40000 ALTER TABLE `characters_ability` DISABLE KEYS */;
INSERT INTO `characters_ability` VALUES (1,1,'NULL'),(2,2,'Shardbearer'),(3,3,'NULL'),(4,4,'NULL'),(5,5,'Shardbearer'),(6,6,'NULL'),(7,7,'NULL'),(8,8,'NULL'),(9,9,'NULL'),(10,10,'Surgebinding'),(11,11,'NULL'),(12,12,'NULL'),(13,13,'NULL'),(14,14,'NULL'),(15,15,'NULL'),(16,16,'NULL'),(17,17,'NULL'),(18,18,'NULL'),(19,19,'NULL'),(20,20,'NULL'),(21,21,'NULL'),(22,22,'NULL'),(23,23,'NULL'),(24,24,'NULL'),(25,25,'NULL'),(26,26,'NULL'),(27,27,'NULL'),(28,28,'NULL'),(29,29,'Unknown'),(30,30,'NULL'),(31,31,'NULL'),(32,32,'NULL'),(33,33,'NULL'),(34,34,'NULL'),(35,35,'NULL'),(36,36,'NULL'),(37,37,'NULL'),(38,38,'NULL'),(39,39,'NULL'),(40,40,'Warform'),(41,41,'NULL'),(42,42,'NULL'),(43,43,'NULL'),(44,44,'NULL'),(45,45,'NULL'),(46,46,'NULL'),(47,47,'NULL'),(48,48,'NULL'),(49,49,'NULL'),(50,50,'NULL'),(51,51,'Shardbearer'),(52,52,'NULL'),(53,53,'NULL'),(54,54,'NULL'),(55,55,'NULL'),(56,56,'NULL'),(57,57,'NULL'),(58,58,'NULL'),(59,59,'NULL'),(60,60,'NULL'),(61,61,'NULL'),(62,62,'NULL'),(63,63,'NULL'),(64,64,'NULL'),(65,65,'NULL'),(66,66,'Unknown'),(67,67,'NULL'),(68,68,'NULL'),(69,69,'NULL'),(70,70,'NULL'),(71,71,'NULL'),(72,72,'NULL'),(73,73,'Shardbearer (formerly)'),(74,73,'Surgebinding (Bondsmith)'),(75,74,'NULL'),(76,75,'NULL'),(77,76,'NULL'),(78,77,'Workform'),(79,78,'NULL'),(80,79,'NULL'),(81,80,'NULL'),(82,81,'NULL'),(83,82,'NULL'),(84,83,'NULL'),(85,84,'NULL'),(86,85,'NULL'),(87,86,'NULL'),(88,87,'NULL'),(89,88,'NULL'),(90,89,'NULL'),(91,90,'NULL'),(92,91,'Shardbearer'),(93,92,'NULL'),(94,93,'Shardbearer'),(95,94,'Workform'),(96,95,'NULL'),(97,96,'NULL'),(98,97,'NULL'),(99,98,'NULL'),(100,99,'NULL'),(101,100,'NULL'),(102,101,'NULL'),(103,102,'NULL'),(104,103,'NULL'),(105,104,'NULL'),(106,105,'NULL'),(107,106,'NULL'),(108,107,'NULL'),(109,108,'NULL'),(110,109,'NULL'),(111,110,'NULL'),(112,111,'NULL'),(113,112,'NULL'),(114,113,'NULL'),(115,114,'NULL'),(116,115,'NULL'),(117,116,'Shardbearer'),(118,117,'NULL'),(119,118,'NULL'),(120,119,'NULL'),(121,120,'NULL'),(122,121,'NULL'),(123,122,'NULL'),(124,123,'NULL'),(125,124,'NULL'),(126,125,'NULL'),(127,126,'NULL'),(128,127,'NULL'),(129,128,'NULL'),(130,129,'NULL'),(131,130,'NULL'),(132,131,'NULL'),(133,132,'NULL'),(134,133,'NULL'),(135,134,'Surgebinding'),(136,134,'Shardbearer'),(137,135,'NULL'),(138,136,'NULL'),(139,137,'NULL'),(140,138,'NULL'),(141,139,'NULL'),(142,140,'NULL'),(143,141,'NULL'),(144,142,'NULL'),(145,143,'NULL'),(146,144,'Shardbearer'),(147,145,'NULL'),(148,146,'NULL'),(149,147,'NULL'),(150,148,'Worldhopper'),(151,148,'Allomancy'),(152,148,'Feruchemy'),(153,148,'Awakening'),(154,148,'Lightweaving'),(155,149,'NULL'),(156,150,'NULL'),(157,151,'NULL'),(158,152,'NULL'),(159,153,'NULL'),(160,154,'NULL'),(161,155,'NULL'),(162,156,'NULL'),(163,157,'NULL'),(164,158,'NULL'),(165,159,'NULL'),(166,160,'NULL'),(167,161,'NULL'),(168,162,'Worldhopper'),(169,163,'Shardbearer'),(170,164,'NULL'),(171,165,'NULL'),(172,166,'NULL'),(173,167,'NULL'),(174,168,'NULL'),(175,169,'Surgebinding (Elsecaller)'),(176,169,'Shardbearer'),(177,170,'NULL'),(178,171,'NULL'),(179,172,'NULL'),(180,173,'NULL'),(181,174,'NULL'),(182,175,'NULL'),(183,176,'NULL'),(184,177,'NULL'),(185,178,'NULL'),(186,179,'NULL'),(187,180,'NULL'),(188,181,'Surgebinding (Windrunner)'),(189,182,'NULL'),(190,183,'NULL'),(191,184,'NULL'),(192,185,'Shardbearer'),(193,186,'NULL'),(194,187,'Surgebinder'),(195,188,'NULL'),(196,189,'NULL'),(197,190,'NULL'),(198,191,'Worldhopper'),(199,192,'NULL'),(200,193,'NULL'),(201,194,'NULL'),(202,195,'NULL'),(203,196,'NULL'),(204,197,'NULL'),(205,198,'NULL'),(206,199,'NULL'),(207,200,'NULL'),(208,201,'NULL'),(209,202,'NULL'),(210,203,'NULL'),(211,204,'NULL'),(212,205,'NULL'),(213,206,'NULL'),(214,207,'Surgebinding (Edgedancer)'),(215,208,'NULL'),(216,209,'NULL'),(217,210,'NULL'),(218,211,'Assassination'),(219,211,'Observation'),(220,212,'NULL'),(221,213,'NULL'),(222,214,'NULL'),(223,215,'Surgebinding (Squire)'),(224,216,'NULL'),(225,217,'NULL'),(226,218,'NULL'),(227,219,'NULL'),(228,220,'Unknown'),(229,221,'NULL'),(230,222,'NULL'),(231,223,'NULL'),(232,224,'NULL'),(233,225,'NULL'),(234,226,'Unknown'),(235,227,'NULL'),(236,228,'NULL'),(237,229,'NULL'),(238,230,'NULL'),(239,231,'NULL'),(240,232,'NULL'),(241,233,'NULL'),(242,234,'NULL'),(243,235,'NULL'),(244,236,'NULL'),(245,237,'NULL'),(246,238,'Surgebinder  (Bondsmith)'),(247,239,'Shardbearer'),(248,240,'NULL'),(249,241,'NULL'),(250,242,'NULL'),(251,243,'NULL'),(252,244,'NULL'),(253,245,'Shardbearer (WoR)'),(254,246,'NULL'),(255,247,'NULL'),(256,248,'Worldhopper'),(257,249,'NULL'),(258,250,'NULL'),(259,251,'NULL'),(260,252,'NULL'),(261,253,'NULL'),(262,254,'NULL'),(263,255,'NULL'),(264,256,'NULL'),(265,257,'Surgebinding'),(266,258,'NULL'),(267,259,'NULL'),(268,260,'NULL'),(269,261,'NULL'),(270,262,'NULL'),(271,263,'NULL'),(272,264,'NULL'),(273,265,'NULL'),(274,266,'NULL'),(275,267,'Worldhopper'),(276,268,'NULL'),(277,269,'NULL'),(278,270,'NULL'),(279,271,'NULL'),(280,272,'Various'),(281,273,'Old Magic'),(282,274,'NULL'),(283,275,'NULL'),(284,276,'NULL'),(285,277,'NULL'),(286,278,'NULL'),(287,279,'NULL'),(288,280,'NULL'),(289,281,'NULL'),(290,282,'NULL'),(291,283,'NULL'),(292,284,'NULL'),(293,285,'NULL'),(294,286,'NULL'),(295,287,'NULL'),(296,288,'NULL'),(297,289,'NULL'),(298,290,'NULL'),(299,291,'NULL'),(300,292,'NULL'),(301,293,'NULL'),(302,294,'NULL'),(303,295,'NULL'),(304,296,'NULL'),(305,297,'NULL'),(306,298,'NULL'),(307,299,'NULL'),(308,300,'NULL'),(309,301,'NULL'),(310,302,'Shardbearer'),(311,303,'Surgebinding (Truthwatcher)'),(312,304,'NULL'),(313,305,'NULL'),(314,306,'NULL'),(315,307,'NULL'),(316,308,'NULL'),(317,309,'NULL'),(318,310,'NULL'),(319,311,'NULL'),(320,312,'NULL'),(321,313,'NULL'),(322,314,'Sees all types of Spren'),(323,315,'NULL'),(324,316,'NULL'),(325,317,'NULL'),(326,318,'NULL'),(327,319,'Shardbearer'),(328,320,'NULL'),(329,321,'NULL'),(330,322,'NULL'),(331,323,'NULL'),(332,324,'Surgebinding (Lightweaver)'),(333,325,'NULL'),(334,326,'NULL'),(335,327,'NULL'),(336,328,'NULL'),(337,329,'NULL'),(338,330,'Unknown'),(339,331,'NULL'),(340,332,'NULL'),(341,333,'NULL'),(342,334,'NULL'),(343,335,'NULL'),(344,336,'NULL'),(345,337,'NULL'),(346,338,'NULL'),(347,339,'NULL'),(348,340,'Surgebinding Windrunner (formerly)'),(349,340,'Skybreaker (purportedly)'),(350,341,'NULL'),(351,342,'NULL'),(352,343,'NULL'),(353,344,'NULL'),(354,345,'Shardbearer'),(355,346,'NULL'),(356,347,'Surgebinding'),(357,348,'NULL'),(358,349,'NULL'),(359,350,'NULL'),(360,351,'NULL'),(361,352,'NULL'),(362,353,'NULL'),(363,354,'NULL'),(364,355,'Surgebinding (Squire)'),(365,356,'Shardbearer'),(366,357,'NULL'),(367,358,'Worldhopper'),(368,358,'AonDor'),(369,359,'NULL'),(370,360,'NULL'),(371,361,'NULL'),(372,362,'NULL'),(373,363,'NULL'),(374,364,'NULL'),(375,365,'NULL'),(376,366,'NULL'),(377,367,'Surgebinding (Truthwatcher)'),(378,368,'NULL'),(379,369,'Worldhopper'),(380,370,'NULL'),(381,371,'Warform'),(382,372,'NULL'),(383,373,'NULL'),(384,374,'NULL'),(385,375,'NULL'),(386,376,'Shardbearer'),(387,377,'NULL'),(388,378,'NULL'),(389,379,'NULL'),(390,380,'NULL'),(391,381,'NULL'),(392,382,'NULL'),(393,383,'NULL'),(394,384,'NULL'),(395,385,'NULL'),(396,386,'NULL'),(397,387,'NULL'),(398,388,'NULL'),(399,389,'NULL'),(400,390,'NULL'),(401,391,'NULL'),(402,392,'NULL'),(403,393,'NULL'),(404,394,'Worldhopper'),(405,395,'NULL'),(406,396,'NULL'),(407,397,'NULL'),(408,398,'NULL'),(409,399,'NULL'),(410,400,'NULL'),(411,401,'NULL'),(412,402,'NULL'),(413,403,'NULL'),(414,404,'NULL'),(415,405,'NULL'),(416,406,'NULL'),(417,407,'Nimbleform'),(418,408,'NULL'),(419,409,'NULL'),(420,410,'NULL'),(421,411,'NULL'),(422,412,'NULL'),(423,413,'NULL'),(424,414,'NULL'),(425,415,'NULL'),(426,416,'NULL'),(427,417,'NULL'),(428,418,'NULL'),(429,419,'NULL'),(430,420,'NULL'),(431,421,'NULL'),(432,422,'Surgebinder (Truthwatcher)'),(433,423,'NULL'),(434,424,'Awakener'),(435,424,'Worldhopper'),(436,424,'Spren sense'),(437,424,'life sense'),(438,425,'NULL'),(439,426,'NULL');
/*!40000 ALTER TABLE `characters_ability` ENABLE KEYS */;
UNLOCK TABLES;

--
-- Table structure for table `characters_alias`
--

DROP TABLE IF EXISTS `characters_alias`;
/*!40101 SET @saved_cs_client     = @@character_set_client */;
/*!40101 SET character_set_client = utf8 */;
CREATE TABLE `characters_alias` (
  `character_alias_id` smallint(5) unsigned NOT NULL AUTO_INCREMENT,
  `character_id` smallint(5) unsigned NOT NULL,
  `alias` varchar(40) NOT NULL,
  PRIMARY KEY (`character_alias_id`)
) ENGINE=InnoDB AUTO_INCREMENT=446 DEFAULT CHARSET=latin1;
/*!40101 SET character_set_client = @saved_cs_client */;

--
-- Dumping data for table `characters_alias`
--

LOCK TABLES `characters_alias` WRITE;
/*!40000 ALTER TABLE `characters_alias` DISABLE KEYS */;
INSERT INTO `characters_alias` VALUES (1,1,'NULL'),(2,2,'NULL'),(3,3,'NULL'),(4,4,'NULL'),(5,5,'NULL'),(6,6,'NULL'),(7,7,'NULL'),(8,8,'NULL'),(9,9,'NULL'),(10,10,'NULL'),(11,11,'NULL'),(12,12,'NULL'),(13,13,'NULL'),(14,14,'NULL'),(15,15,'NULL'),(16,16,'NULL'),(17,17,'NULL'),(18,18,'NULL'),(19,19,'NULL'),(20,20,'NULL'),(21,21,'NULL'),(22,22,'Heart of the Revel'),(23,23,'NULL'),(24,24,'NULL'),(25,25,'NULL'),(26,26,'NULL'),(27,27,'NULL'),(28,28,'NULL'),(29,29,'NULL'),(30,30,'NULL'),(31,31,'NULL'),(32,32,'NULL'),(33,33,'NULL'),(34,34,'NULL'),(35,35,'NULL'),(36,36,'Battah'),(37,37,'NULL'),(38,38,'NULL'),(39,39,'NULL'),(40,40,'NULL'),(41,41,'NULL'),(42,42,'NULL'),(43,43,'NULL'),(44,44,'NULL'),(45,45,'NULL'),(46,46,'NULL'),(47,47,'NULL'),(48,48,'NULL'),(49,49,'NULL'),(50,50,'NULL'),(51,51,'NULL'),(52,52,'NULL'),(53,53,'NULL'),(54,54,'NULL'),(55,55,'NULL'),(56,56,'NULL'),(57,57,'NULL'),(58,58,'NULL'),(59,59,'NULL'),(60,60,'NULL'),(61,61,'NULL'),(62,62,'NULL'),(63,63,'Chana'),(64,63,'Chanaranach'),(65,64,'NULL'),(66,65,'NULL'),(67,66,'NULL'),(68,67,'NULL'),(69,68,'NULL'),(70,69,'NULL'),(71,70,'NULL'),(72,71,'NULL'),(73,72,'NULL'),(74,73,'NULL'),(75,74,'NULL'),(76,75,'NULL'),(77,76,'NULL'),(78,77,'NULL'),(79,78,'NULL'),(80,79,'NULL'),(81,80,'NULL'),(82,81,'NULL'),(83,82,'NULL'),(84,83,'NULL'),(85,84,'NULL'),(86,85,'NULL'),(87,86,'NULL'),(88,87,'NULL'),(89,88,'NULL'),(90,89,'NULL'),(91,90,'NULL'),(92,91,'NULL'),(93,92,'NULL'),(94,93,'NULL'),(95,94,'NULL'),(96,95,'NULL'),(97,96,'NULL'),(98,97,'NULL'),(99,98,'NULL'),(100,99,'NULL'),(101,100,'NULL'),(102,101,'NULL'),(103,102,'NULL'),(104,103,'NULL'),(105,104,'NULL'),(106,105,'NULL'),(107,106,'NULL'),(108,107,'NULL'),(109,108,'NULL'),(110,109,'NULL'),(111,110,'NULL'),(112,111,'NULL'),(113,112,'NULL'),(114,113,'NULL'),(115,114,'NULL'),(116,115,'NULL'),(117,116,'NULL'),(118,117,'NULL'),(119,118,'Yanagawn'),(120,119,'NULL'),(121,120,'NULL'),(122,121,'NULL'),(123,122,'NULL'),(124,123,'NULL'),(125,124,'NULL'),(126,125,'NULL'),(127,126,'NULL'),(128,127,'NULL'),(129,128,'NULL'),(130,129,'NULL'),(131,130,'NULL'),(132,131,'NULL'),(133,132,'NULL'),(134,133,'NULL'),(135,134,'NULL'),(136,135,'NULL'),(137,136,'NULL'),(138,137,'NULL'),(139,138,'NULL'),(140,139,'NULL'),(141,140,'NULL'),(142,141,'NULL'),(143,142,'NULL'),(144,143,'NULL'),(145,144,'NULL'),(146,145,'NULL'),(147,146,'NULL'),(148,147,'NULL'),(149,148,'NULL'),(150,149,'NULL'),(151,150,'NULL'),(152,151,'NULL'),(153,152,'NULL'),(154,153,'NULL'),(155,154,'NULL'),(156,155,'NULL'),(157,156,'NULL'),(158,157,'NULL'),(159,158,'NULL'),(160,159,'NULL'),(161,160,'NULL'),(162,161,'NULL'),(163,162,'NULL'),(164,163,'NULL'),(165,164,'NULL'),(166,165,'NULL'),(167,166,'NULL'),(168,167,'NULL'),(169,168,'NULL'),(170,169,'NULL'),(171,170,'NULL'),(172,171,'NULL'),(173,172,'NULL'),(174,173,'NULL'),(175,174,'Jezerezeh-Elin'),(176,174,'Stormfather'),(177,175,'NULL'),(178,176,'NULL'),(179,177,'NULL'),(180,178,'NULL'),(181,179,'NULL'),(182,180,'NULL'),(183,181,'Kal'),(184,182,'Kelek'),(185,183,'NULL'),(186,184,'NULL'),(187,185,'NULL'),(188,186,'NULL'),(189,187,'NULL'),(190,188,'NULL'),(191,189,'NULL'),(192,190,'NULL'),(193,191,'NULL'),(194,192,'NULL'),(195,193,'NULL'),(196,194,'NULL'),(197,195,'NULL'),(198,196,'NULL'),(199,197,'NULL'),(200,198,'NULL'),(201,199,'NULL'),(202,200,'NULL'),(203,201,'NULL'),(204,202,'NULL'),(205,203,'NULL'),(206,204,'NULL'),(207,205,'NULL'),(208,206,'NULL'),(209,207,'NULL'),(210,208,'NULL'),(211,209,'NULL'),(212,210,'NULL'),(213,211,'The Weeper'),(214,212,'NULL'),(215,213,'NULL'),(216,214,'NULL'),(217,215,'NULL'),(218,216,'NULL'),(219,217,'NULL'),(220,218,'NULL'),(221,219,'NULL'),(222,220,'NULL'),(223,221,'NULL'),(224,222,'NULL'),(225,223,'NULL'),(226,224,'NULL'),(227,225,'NULL'),(228,226,'NULL'),(229,227,'NULL'),(230,228,'NULL'),(231,229,'NULL'),(232,230,'NULL'),(233,231,'NULL'),(234,232,'NULL'),(235,233,'NULL'),(236,234,'NULL'),(237,235,'NULL'),(238,236,'NULL'),(239,237,'NULL'),(240,238,'NULL'),(241,239,'NULL'),(242,240,'NULL'),(243,241,'NULL'),(244,242,'NULL'),(245,243,'NULL'),(246,244,'NULL'),(247,245,'NULL'),(248,246,'NULL'),(249,247,'NULL'),(250,248,'Mraize'),(251,249,'NULL'),(252,250,'NULL'),(253,251,'NULL'),(254,252,'NULL'),(255,253,'NULL'),(256,254,'NULL'),(257,255,'NULL'),(258,256,'NULL'),(259,257,'Nalan\'Elin'),(260,257,'Nalan'),(261,257,'Nin'),(262,258,'NULL'),(263,259,'NULL'),(264,260,'NULL'),(265,261,'NULL'),(266,262,'NULL'),(267,263,'NULL'),(268,264,'NULL'),(269,265,'NULL'),(270,266,'NULL'),(271,267,'NULL'),(272,268,'NULL'),(273,269,'NULL'),(274,270,'NULL'),(275,271,'NULL'),(276,272,'Shardblade'),(277,273,'NULL'),(278,274,'NULL'),(279,275,'NULL'),(280,276,'NULL'),(281,277,'Nohadon the Peacemaker'),(282,277,'Bajerden'),(283,278,'NULL'),(284,279,'NULL'),(285,280,'Shard of Adonalsium'),(286,281,'NULL'),(287,282,'NULL'),(288,283,'NULL'),(289,284,'NULL'),(290,285,'Pali'),(291,285,'Pailiah'),(292,286,'NULL'),(293,287,'NULL'),(294,288,'NULL'),(295,289,'NULL'),(296,290,'NULL'),(297,291,'NULL'),(298,292,'NULL'),(299,293,'NULL'),(300,294,'NULL'),(301,295,'NULL'),(302,296,'NULL'),(303,297,'NULL'),(304,298,'Midnight Mother'),(305,299,'NULL'),(306,300,'NULL'),(307,301,'NULL'),(308,302,'NULL'),(309,303,'NULL'),(310,304,'NULL'),(311,305,'NULL'),(312,306,'NULL'),(313,307,'NULL'),(314,308,'NULL'),(315,309,'NULL'),(316,310,'NULL'),(317,311,'NULL'),(318,312,'NULL'),(319,313,'Shen'),(320,314,'Rock'),(321,315,'NULL'),(322,316,'NULL'),(323,317,'NULL'),(324,318,'NULL'),(325,319,'NULL'),(326,320,'NULL'),(327,321,'NULL'),(328,322,'NULL'),(329,323,'Ash'),(330,323,'Shalash\'Elin'),(331,324,'Veil'),(332,324,'Radiant'),(333,324,'Swiftspren'),(334,325,'NULL'),(335,326,'Rlain'),(336,327,'NULL'),(337,328,'NULL'),(338,329,'NULL'),(339,330,'NULL'),(340,331,'NULL'),(341,332,'NULL'),(342,333,'NULL'),(343,334,'NULL'),(344,335,'NULL'),(345,336,'NULL'),(346,337,'Shallan Davar'),(347,337,'Veil'),(348,338,'NULL'),(349,339,'NULL'),(350,340,'NULL'),(351,341,'NULL'),(352,342,'NULL'),(353,343,'NULL'),(354,344,'NULL'),(355,345,'NULL'),(356,346,'NULL'),(357,347,'Taln'),(358,347,'Talenelat'),(359,347,'Stonesinew'),(360,348,'NULL'),(361,349,'NULL'),(362,350,'NULL'),(363,351,'NULL'),(364,352,'NULL'),(365,353,'NULL'),(366,354,'NULL'),(367,355,'NULL'),(368,356,'NULL'),(369,357,'NULL'),(370,358,'Temoo'),(371,358,'Grump'),(372,359,'NULL'),(373,360,'NULL'),(374,361,'NULL'),(375,362,'NULL'),(376,363,'NULL'),(377,364,'NULL'),(378,365,'NULL'),(379,366,'NULL'),(380,367,'NULL'),(381,368,'Liss'),(382,369,'Demoux'),(383,370,'NULL'),(384,371,'NULL'),(385,372,'NULL'),(386,373,'NULL'),(387,374,'NULL'),(388,375,'NULL'),(389,376,'NULL'),(390,377,'NULL'),(391,378,'NULL'),(392,379,'NULL'),(393,380,'NULL'),(394,381,'NULL'),(395,382,'NULL'),(396,383,'NULL'),(397,384,'NULL'),(398,385,'NULL'),(399,386,'NULL'),(400,387,'NULL'),(401,388,'NULL'),(402,389,'NULL'),(403,390,'NULL'),(404,391,'NULL'),(405,392,'NULL'),(406,393,'NULL'),(407,394,'Vao'),(408,395,'NULL'),(409,396,'NULL'),(410,397,'NULL'),(411,398,'NULL'),(412,399,'NULL'),(413,400,'NULL'),(414,401,'NULL'),(415,402,'NULL'),(416,403,'NULL'),(417,404,'Vedeledev'),(418,405,'Shallan Davar'),(419,406,'NULL'),(420,407,'NULL'),(421,408,'NULL'),(422,409,'NULL'),(423,410,'NULL'),(424,411,'NULL'),(425,412,'NULL'),(426,413,'NULL'),(427,414,'NULL'),(428,415,'NULL'),(429,416,'NULL'),(430,417,'Gawx'),(431,418,'Blightwind'),(432,419,'NULL'),(433,420,'NULL'),(434,421,'NULL'),(435,422,'NULL'),(436,423,'NULL'),(437,424,'Zahel'),(438,424,'Vasher'),(439,424,'Kalad'),(440,424,'Strifelover'),(441,424,'Peacegiver the Blessed'),(442,424,'Talaxin or Tax'),(443,424,'Warbreaker the Peaceful'),(444,425,'NULL'),(445,426,'NULL');
/*!40000 ALTER TABLE `characters_alias` ENABLE KEYS */;
UNLOCK TABLES;

--
-- Table structure for table `characters_book`
--

DROP TABLE IF EXISTS `characters_book`;
/*!40101 SET @saved_cs_client     = @@character_set_client */;
/*!40101 SET character_set_client = utf8 */;
CREATE TABLE `characters_book` (
  `character_book_id` smallint(5) unsigned NOT NULL AUTO_INCREMENT,
  `character_id` smallint(5) unsigned NOT NULL,
  `book` varchar(40) NOT NULL,
  PRIMARY KEY (`character_book_id`)
) ENGINE=InnoDB AUTO_INCREMENT=560 DEFAULT CHARSET=latin1;
/*!40101 SET character_set_client = @saved_cs_client */;

--
-- Dumping data for table `characters_book`
--

LOCK TABLES `characters_book` WRITE;
/*!40000 ALTER TABLE `characters_book` DISABLE KEYS */;
INSERT INTO `characters_book` VALUES (1,1,'Words of Radiance (mentioned)'),(2,2,'NULL'),(3,3,'NULL'),(4,4,'NULL'),(5,5,'The Way of Kings'),(6,5,'Words of Radiance'),(7,5,'Oathbringer'),(8,6,'NULL'),(9,7,'The Way of Kings (mentioned)'),(10,7,'Words of Radiance (mentioned)'),(11,7,'Oathbringer'),(12,8,'NULL'),(13,9,'The Way of Kings'),(14,9,'Words of Radiance'),(15,9,'Oathbringer'),(16,10,'NULL'),(17,11,'NULL'),(18,12,'NULL'),(19,13,'NULL'),(20,14,'NULL'),(21,15,'NULL'),(22,16,'NULL'),(23,17,'NULL'),(24,18,'NULL'),(25,19,'NULL'),(26,20,'NULL'),(27,21,'NULL'),(28,22,'Oathbringer'),(29,23,'The Way of Kings'),(30,24,'NULL'),(31,25,'NULL'),(32,26,'NULL'),(33,27,'NULL'),(34,28,'NULL'),(35,29,'NULL'),(36,30,'NULL'),(37,31,'NULL'),(38,32,'The Way of Kings'),(39,32,'Words of Radiance'),(40,33,'NULL'),(41,34,'NULL'),(42,35,'NULL'),(43,36,'The Way of Kings (mentioned)'),(44,36,'Words of Radiance (mentioned)'),(45,36,'Oathbringer (mentioned)'),(46,37,'NULL'),(47,38,'NULL'),(48,39,'The Way of Kings'),(49,40,'NULL'),(50,41,'NULL'),(51,42,'NULL'),(52,43,'NULL'),(53,44,'NULL'),(54,45,'Words of Radiance (mentioned)'),(55,46,'NULL'),(56,47,'NULL'),(57,48,'NULL'),(58,49,'The Way of Kings'),(59,50,'NULL'),(60,51,'NULL'),(61,52,'The Way of Kings (flashbacks)'),(62,52,'Words of Radiance (mentioned)'),(63,52,'Oathbringer (mentioned)'),(64,53,'NULL'),(65,54,'The Way of Kings'),(66,55,'The Way of Kings'),(67,56,'Words of Radiance'),(68,57,'The Way of Kings (mentioned)'),(69,57,'Words of Radiance (mentioned)'),(70,58,'NULL'),(71,59,'NULL'),(72,60,'Words of Radiance'),(73,60,'Oathbringer'),(74,61,'NULL'),(75,62,'Oathbringer (mentioned)'),(76,63,'The Way of Kings (mentioned)'),(77,63,'Words of Radiance (mentioned)'),(78,64,'NULL'),(79,65,'NULL'),(80,66,'NULL'),(81,67,'NULL'),(82,68,'NULL'),(83,69,'NULL'),(84,70,'NULL'),(85,71,'NULL'),(86,72,'The Way of Kings'),(87,73,'The Way of Kings'),(88,73,'Words of Radiance'),(89,73,'Oathbringer'),(90,74,'NULL'),(91,75,'NULL'),(92,76,'The Way of Kings'),(93,76,'Words of Radiance'),(94,77,'NULL'),(95,78,'NULL'),(96,79,'NULL'),(97,80,'NULL'),(98,81,'The Way of Kings (mentioned)'),(99,82,'NULL'),(100,83,'NULL'),(101,84,'NULL'),(102,85,'NULL'),(103,86,'The Way of Kings'),(104,86,'Words of Radiance'),(105,86,'Oathbringer'),(106,87,'Words of Radiance'),(107,88,'NULL'),(108,89,'NULL'),(109,90,'NULL'),(110,91,'NULL'),(111,92,'The Way of Kings'),(112,93,'NULL'),(113,94,'NULL'),(114,95,'NULL'),(115,96,'The Way of Kings (mentioned)'),(116,96,'Words of Radiance (mentioned)'),(117,96,'Oathbringer'),(118,97,'Words of Radiance'),(119,98,'NULL'),(120,99,'NULL'),(121,100,'NULL'),(122,101,'Oathbringer'),(123,102,'NULL'),(124,103,'NULL'),(125,104,'NULL'),(126,105,'NULL'),(127,106,'NULL'),(128,107,'NULL'),(129,108,'NULL'),(130,109,'NULL'),(131,110,'NULL'),(132,111,'NULL'),(133,112,'The Way of Kings'),(134,113,'NULL'),(135,114,'NULL'),(136,115,'NULL'),(137,116,'The Way of Kings'),(138,116,'Words of Radiance (mentioned)'),(139,116,'Oathbringer (mentioned)'),(140,117,'Words of Radiance (mentioned)'),(141,117,'Oathbringer'),(142,118,'Words of Radiance'),(143,118,'Arcanum Unbounded (mentioned)'),(144,118,'Edgedancer (mentioned)'),(145,118,'Oathbringer'),(146,119,'NULL'),(147,120,'The Way of Kings'),(148,121,'NULL'),(149,122,'NULL'),(150,123,'Words of Radiance'),(151,124,'NULL'),(152,125,'Words of Radiance'),(153,125,'Oathbringer'),(154,126,'The Way of Kings'),(155,127,'NULL'),(156,128,'NULL'),(157,129,'NULL'),(158,130,'NULL'),(159,131,'NULL'),(160,132,'NULL'),(161,133,'The Way of Kings'),(162,134,'NULL'),(163,135,'NULL'),(164,136,'NULL'),(165,137,'NULL'),(166,138,'The Way of Kings'),(167,138,'Words of Radiance'),(168,139,'Arcanum Unbounded'),(169,139,'Edgedancer'),(170,140,'The Way of Kings'),(171,140,'Words of Radiance'),(172,141,'The Way of Kings'),(173,142,'NULL'),(174,143,'NULL'),(175,144,'The Way of Kings'),(176,144,'Words of Radiance (mentioned)'),(177,145,'NULL'),(178,146,'NULL'),(179,147,'NULL'),(180,148,'Elantris'),(181,148,'Mistborn: The Final Empire'),(182,148,'Mistborn: The Well of Ascension'),(183,148,'Mistborn: The Hero of Ages'),(184,148,'Warbreaker'),(185,148,'The Way of Kings'),(186,148,'The Alloy of Law'),(187,148,'The Emperor\'s Soul'),(188,148,'Words of Radiance'),(189,148,'Shadows of Self'),(190,148,'The Bands of Mourning'),(191,148,'Mistborn: Secret History'),(192,148,''),(193,148,'Oathbringer'),(194,149,'NULL'),(195,150,'NULL'),(196,151,'NULL'),(197,152,'NULL'),(198,153,'NULL'),(199,154,'The Way of Kings'),(200,155,'NULL'),(201,156,'The Way of Kings'),(202,156,'Words of Radiance'),(203,157,'The Way of Kings (mentioned)'),(204,157,'Words of Radiance (mentioned)'),(205,158,'NULL'),(206,159,'NULL'),(207,160,'The Way of Kings (implied)'),(208,160,'Words of Radiance'),(209,161,'NULL'),(210,162,'Words of Radiance'),(211,163,'The Way of Kings'),(212,163,'Words of Radiance'),(213,164,'NULL'),(214,165,'Words of Radiance'),(215,166,'NULL'),(216,167,'NULL'),(217,168,'NULL'),(218,169,'The Way of Kings'),(219,169,'Words of Radiance'),(220,169,'Oathbringer'),(221,170,'The Way of Kings'),(222,170,'Words of Radiance'),(223,171,'NULL'),(224,172,'NULL'),(225,173,'NULL'),(226,174,'The Way of Kings'),(227,174,'Words of Radiance (mentioned)'),(228,174,'Oathbringer'),(229,175,'The Way of Kings'),(230,176,'NULL'),(231,177,'The Way of Kings'),(232,177,'Words of Radiance'),(233,178,'The Way of Kings'),(234,179,'NULL'),(235,180,'NULL'),(236,181,'The Way of Kings'),(237,181,'Words of Radiance'),(238,181,'Oathbringer'),(239,182,'The Way of Kings'),(240,182,'Words of Radiance (mentioned)'),(241,183,'NULL'),(242,184,'NULL'),(243,185,'NULL'),(244,186,'The Way of Kings'),(245,187,'NULL'),(246,188,'Words of Radiance'),(247,189,'NULL'),(248,190,'NULL'),(249,191,'NULL'),(250,192,'NULL'),(251,193,'NULL'),(252,194,'NULL'),(253,195,'NULL'),(254,196,'NULL'),(255,197,'NULL'),(256,198,'NULL'),(257,199,'The Way of Kings'),(258,200,'NULL'),(259,201,'NULL'),(260,202,'NULL'),(261,203,'NULL'),(262,204,'NULL'),(263,205,'NULL'),(264,206,'NULL'),(265,207,'NULL'),(266,208,'NULL'),(267,209,'The Way of Kings (mentioned)'),(268,209,'Words of Radiance (flashbacks)'),(269,210,'NULL'),(270,211,'Words of Radiance'),(271,212,'NULL'),(272,213,'NULL'),(273,214,'NULL'),(274,215,'The Way of Kings'),(275,215,'Words of Radiance'),(276,215,'Oathbringer'),(277,216,'NULL'),(278,217,'NULL'),(279,218,'NULL'),(280,219,'Words of Radiance'),(281,220,'NULL'),(282,221,'NULL'),(283,222,'NULL'),(284,223,'NULL'),(285,224,'The Way of Kings'),(286,225,'NULL'),(287,226,'NULL'),(288,227,'The Way of Kings'),(289,227,'Words of Radiance'),(290,228,'NULL'),(291,229,'NULL'),(292,230,'NULL'),(293,231,'The Way of Kings'),(294,232,'NULL'),(295,233,'NULL'),(296,234,'NULL'),(297,235,'The Way of Kings'),(298,236,'NULL'),(299,237,'NULL'),(300,238,'NULL'),(301,239,'The Way of Kings'),(302,239,'Words of Radiance'),(303,239,'Oathbringer'),(304,240,'The Way of Kings'),(305,241,'NULL'),(306,242,'NULL'),(307,243,'NULL'),(308,244,'NULL'),(309,245,'The Way of Kings'),(310,245,'Words of Radiance'),(311,245,'Oathbringer'),(312,246,'NULL'),(313,247,'NULL'),(314,248,'Words of Radiance'),(315,249,'NULL'),(316,250,'NULL'),(317,251,'NULL'),(318,252,'NULL'),(319,253,'NULL'),(320,254,'NULL'),(321,255,'NULL'),(322,256,'NULL'),(323,257,'The Way of Kings'),(324,257,'Words of Radiance'),(325,257,'Arcanum Unbounded'),(326,257,'Edgedancer'),(327,257,'Oathbringer'),(328,258,'NULL'),(329,259,'NULL'),(330,260,'NULL'),(331,261,'NULL'),(332,262,'NULL'),(333,263,'NULL'),(334,264,'NULL'),(335,265,'NULL'),(336,266,'The Way of Kings'),(337,266,'Words of Radiance'),(338,266,'Oathbringer'),(339,267,'NULL'),(340,268,'NULL'),(341,269,'NULL'),(342,270,'NULL'),(343,271,'NULL'),(344,272,'Warbreaker'),(345,272,'Words of Radiance'),(346,272,'Edgedancer'),(347,272,'Oathbringer'),(348,273,'NULL'),(349,274,'NULL'),(350,275,'The Way of Kings'),(351,275,'Words of Radiance (mentioned)'),(352,276,'NULL'),(353,277,'The Way of Kings'),(354,278,'NULL'),(355,279,'NULL'),(356,280,'The Way of Kings (mentioned)'),(357,280,'Words of Radiance (mentioned)'),(358,280,'Oathbringer'),(359,281,'NULL'),(360,282,'NULL'),(361,283,'NULL'),(362,284,'NULL'),(363,285,'The Way of Kings (mentioned)'),(364,285,'Words of Radiance (mentioned)'),(365,286,'NULL'),(366,287,'NULL'),(367,288,'NULL'),(368,289,'NULL'),(369,290,'NULL'),(370,291,'NULL'),(371,292,'NULL'),(372,293,'Words of Radiance'),(373,294,'NULL'),(374,295,'NULL'),(375,296,'NULL'),(376,297,'NULL'),(377,298,'The Way of Kings (mentioned)'),(378,298,'Oathbringer'),(379,299,'NULL'),(380,300,'NULL'),(381,301,'NULL'),(382,302,'Words of Radiance'),(383,303,'The Way of Kings'),(384,303,'Words of Radiance'),(385,303,'Oathbringer'),(386,304,'NULL'),(387,305,'The Way of Kings'),(388,306,'The Way of Kings'),(389,306,'Words of Radiance (mentioned)'),(390,307,'NULL'),(391,308,'NULL'),(392,309,'NULL'),(393,310,'NULL'),(394,311,'Words of Radiance'),(395,312,'Words of Radiance'),(396,313,'The Way of Kings'),(397,313,'Words of Radiance'),(398,313,'Oathbringer'),(399,314,'The Way of Kings'),(400,314,'Words of Radiance'),(401,314,'Oathbringer'),(402,315,'NULL'),(403,316,'The Way of Kings'),(404,316,'Words of Radiance'),(405,317,'NULL'),(406,318,'NULL'),(407,319,'NULL'),(408,320,'NULL'),(409,321,'The Way of Kings'),(410,321,'Words of Radiance'),(411,322,'NULL'),(412,323,'The Way of Kings (mentioned)'),(413,323,'Words of Radiance (mentioned)'),(414,323,'Oathbringer'),(415,324,'The Way of Kings'),(416,324,'Words of Radiance'),(417,324,'Oathbringer'),(418,325,'NULL'),(419,326,'The Way of Kings'),(420,326,'Words of Radiance'),(421,327,'NULL'),(422,328,'NULL'),(423,329,'The Way of Kings'),(424,329,'Words of Radiance'),(425,329,'Oathbringer'),(426,330,'NULL'),(427,331,'NULL'),(428,332,'NULL'),(429,333,'The Way of Kings'),(430,333,'Words of Radiance'),(431,333,'Oathbringer'),(432,334,'NULL'),(433,335,'The Way of Kings'),(434,335,'Words of Radiance'),(435,335,'Oathbringer'),(436,336,'The Way of Kings (mentioned)'),(437,337,'Oathbringer'),(438,338,'NULL'),(439,339,'The Way of Kings'),(440,339,'Words of Radiance'),(441,339,'Oathbringer'),(442,340,'The Way of Kings'),(443,340,'Words of Radiance'),(444,340,'Arcanum Unbounded'),(445,340,'Edgedancer'),(446,340,'Oathbringer'),(447,341,'NULL'),(448,342,'NULL'),(449,343,'NULL'),(450,344,'NULL'),(451,345,'NULL'),(452,346,'NULL'),(453,347,'The Way of Kings'),(454,347,'Words of Radiance'),(455,347,'Oathbringer'),(456,348,'NULL'),(457,349,'NULL'),(458,350,'NULL'),(459,351,'The Way of Kings'),(460,351,'Words of Radiance'),(461,351,'Oathbringer'),(462,352,'NULL'),(463,353,'The Way of Kings'),(464,354,'NULL'),(465,355,'The Way of Kings'),(466,355,'Words of Radiance'),(467,355,'Oathbringer'),(468,356,'The Way of Kings'),(469,356,'Words of Radiance'),(470,357,'NULL'),(471,358,'Elantris'),(472,358,'The Way of Kings'),(473,359,'NULL'),(474,360,'NULL'),(475,361,'NULL'),(476,362,'Oathbringer'),(477,363,'The Way of Kings'),(478,363,'Words of Radiance'),(479,364,'NULL'),(480,365,'NULL'),(481,366,'NULL'),(482,367,'NULL'),(483,368,'Words of Radiance'),(484,369,'Mistborn'),(485,369,'The Way of Kings'),(486,370,'NULL'),(487,371,'NULL'),(488,372,'The Way of Kings'),(489,373,'NULL'),(490,374,'NULL'),(491,375,'NULL'),(492,376,'NULL'),(493,377,'NULL'),(494,378,'NULL'),(495,379,'NULL'),(496,380,'NULL'),(497,381,'NULL'),(498,382,'NULL'),(499,383,'The Way of Kings'),(500,384,'The Way of Kings'),(501,384,'Words of Radiance'),(502,385,'The Way of Kings'),(503,385,'Words of Radiance'),(504,386,'NULL'),(505,387,'The Way of Kings'),(506,388,'NULL'),(507,389,'Words of Radiance'),(508,390,'The Way of Kings'),(509,390,'Words of Radiance'),(510,391,'NULL'),(511,392,'NULL'),(512,393,'The Way of Kings'),(513,394,'The Way of Kings'),(514,395,'NULL'),(515,396,'NULL'),(516,397,'NULL'),(517,398,'NULL'),(518,399,'The Way of Kings'),(519,400,'NULL'),(520,401,'NULL'),(521,402,'NULL'),(522,403,'NULL'),(523,404,'The Way of Kings (mentioned)'),(524,404,'Words of Radiance (mentioned)'),(525,405,'Words of Radiance'),(526,405,'Oathbringer'),(527,406,'NULL'),(528,407,'NULL'),(529,408,'The Way of Kings'),(530,408,'Words of Radiance'),(531,408,'Oathbringer'),(532,409,'NULL'),(533,410,'The Way of Kings'),(534,410,'Words of Radiance'),(535,411,'NULL'),(536,412,'NULL'),(537,413,'Words of Radiance'),(538,413,'Arcanum Unbounded'),(539,413,'Edgedancer'),(540,413,'Oathbringer'),(541,414,'The Way of Kings'),(542,414,'Words of Radiance (mentioned)'),(543,415,'NULL'),(544,416,'NULL'),(545,417,'Words of Radiance'),(546,417,'Arcanum Unbounded (mentioned)'),(547,417,'Edgedancer (mentioned)'),(548,417,'Oathbringer'),(549,418,'The Way of Kings (mentioned)'),(550,418,'Oathbringer'),(551,419,'Words of Radiance (mentioned)'),(552,420,'NULL'),(553,421,'NULL'),(554,422,'NULL'),(555,423,'NULL'),(556,424,'Warbreaker'),(557,424,'Words of Radiance'),(558,425,'NULL'),(559,426,'NULL');
/*!40000 ALTER TABLE `characters_book` ENABLE KEYS */;
UNLOCK TABLES;

--
-- Table structure for table `characters_ethnicity`
--

DROP TABLE IF EXISTS `characters_ethnicity`;
/*!40101 SET @saved_cs_client     = @@character_set_client */;
/*!40101 SET character_set_client = utf8 */;
CREATE TABLE `characters_ethnicity` (
  `character_ethnicity_id` smallint(5) unsigned NOT NULL AUTO_INCREMENT,
  `character_id` smallint(5) unsigned NOT NULL,
  `ethnicity` varchar(40) NOT NULL,
  PRIMARY KEY (`character_ethnicity_id`)
) ENGINE=InnoDB AUTO_INCREMENT=427 DEFAULT CHARSET=latin1;
/*!40101 SET character_set_client = @saved_cs_client */;

--
-- Dumping data for table `characters_ethnicity`
--

LOCK TABLES `characters_ethnicity` WRITE;
/*!40000 ALTER TABLE `characters_ethnicity` DISABLE KEYS */;
INSERT INTO `characters_ethnicity` VALUES (1,1,'Veden'),(2,2,'Alethi'),(3,3,'NULL'),(4,4,'NULL'),(5,5,'Alethi'),(6,6,'NULL'),(7,7,'Alethi'),(8,8,'Alethi'),(9,9,'Alethi'),(10,10,'NULL'),(11,11,'Alethi'),(12,12,'Shin'),(13,13,'Alethi'),(14,14,'Unknown'),(15,15,'Alethi'),(16,16,'NULL'),(17,17,'Dysian Amian'),(18,18,'NULL'),(19,19,'Thaylen'),(20,20,'Unknown'),(21,21,'Alethi'),(22,22,'NULL'),(23,23,'Alethi (suspected)'),(24,24,'NULL'),(25,25,'Natanatani'),(26,26,'Emuli'),(27,27,'Emuli'),(28,28,'Alethi'),(29,29,'NULL'),(30,30,'Siah Aimian'),(31,31,'NULL'),(32,32,'Jah Kevedian'),(33,33,'NULL'),(34,34,'Unknown'),(35,35,'Alethi'),(36,36,'NULL'),(37,37,'Emuli'),(38,38,'Unknown'),(39,39,'Alethi'),(40,40,'NULL'),(41,41,'Unknown'),(42,42,'NULL'),(43,43,'NULL'),(44,44,'NULL'),(45,45,'Veden'),(46,46,'NULL'),(47,47,'Veden'),(48,48,'Alethi'),(49,49,'Alethi'),(50,50,'Alethi'),(51,51,'Alethi (implied)'),(52,52,'Alethi'),(53,53,'Alethi (implied)'),(54,54,'Alethi'),(55,55,'Alethi'),(56,56,'Veden'),(57,57,'Veden'),(58,58,'Alethi'),(59,59,'Alethi'),(60,60,'Alethi'),(61,61,'NULL'),(62,62,'Alethi'),(63,63,'NULL'),(64,64,'Herdazian'),(65,65,'NULL'),(66,66,'NULL'),(67,67,'Alethi'),(68,68,'NULL'),(69,69,'NULL'),(70,70,'NULL'),(71,71,'Herdazian'),(72,72,'Alethi'),(73,73,'Alethi'),(74,74,'Alethi'),(75,75,'Unknown'),(76,76,'Alethi'),(77,77,'NULL'),(78,78,'NULL'),(79,79,'Unknown'),(80,80,'NULL'),(81,81,'NULL'),(82,82,'Unknown'),(83,83,'Rianal'),(84,84,'Mixed'),(85,85,'Alethi'),(86,86,'Alethi'),(87,87,'Alethi'),(88,88,'Alethi'),(89,89,'Alethi (implied)'),(90,90,'Unknown'),(91,91,'Alethi'),(92,92,'Alethi'),(93,93,'NULL'),(94,94,'NULL'),(95,95,'Unknown'),(96,96,'Riran'),(97,97,'Veden'),(98,98,'NULL'),(99,99,'Unknown'),(100,100,'Veden'),(101,101,'Thaylen'),(102,102,'NULL'),(103,103,'Alethi'),(104,104,'Azish'),(105,105,'Alethi'),(106,106,'Thaylen'),(107,107,'NULL'),(108,108,'NULL'),(109,109,'Shin'),(110,110,'NULL'),(111,111,'NULL'),(112,112,'Alethi'),(113,113,'Shin'),(114,114,'NULL'),(115,115,'NULL'),(116,116,'Alethi'),(117,117,'Alethi'),(118,118,'Azish'),(119,119,'Alethi'),(120,120,'Alethi (suspected)'),(121,121,'Unknown'),(122,122,'NULL'),(123,123,'Unknown'),(124,124,'NULL'),(125,125,'Alethi'),(126,126,'NULL'),(127,127,'NULL'),(128,128,'Unknown'),(129,129,'Alethi'),(130,130,'Unknown'),(131,131,'Alethi'),(132,132,'Alethi'),(133,133,'Veden'),(134,134,'NULL'),(135,135,'NULL'),(136,136,'Unknown'),(137,137,'Shin'),(138,138,'Alethi'),(139,139,'Unknown'),(140,140,'Alethi'),(141,141,'Mixed'),(142,142,'Unkalaki (implied)'),(143,143,'NULL'),(144,144,'Veden'),(145,145,'Frostlandian'),(146,146,'Thaylen'),(147,147,'NULL'),(148,148,'Yolish'),(149,149,'Azish'),(150,150,'Unknown'),(151,151,'Unknown'),(152,152,'Alethi/Azish'),(153,153,'Alethi'),(154,154,'Alethi'),(155,155,'NULL'),(156,156,'Unknown'),(157,157,'NULL'),(158,158,'Purelaker'),(159,159,'Alethi'),(160,160,'Unknown'),(161,161,'Unknown'),(162,162,'Malwish Southerner'),(163,163,'Alethi'),(164,164,'NULL'),(165,165,'Veden'),(166,166,'NULL'),(167,167,'NULL'),(168,168,'Alethi'),(169,169,'Alethi'),(170,170,'Alethi'),(171,171,'Alethi'),(172,172,'Alethi'),(173,173,'Alethi'),(174,174,'NULL'),(175,175,'NULL'),(176,176,'Alethi'),(177,177,'Veden'),(178,178,'Herdazian'),(179,179,'Alethi'),(180,180,'NULL'),(181,181,'Alethi'),(182,182,'NULL'),(183,183,'Alethi'),(184,184,'Alethi'),(185,185,'Alethi'),(186,186,'Alethi'),(187,187,'NULL'),(188,188,'Alethi (implied)'),(189,189,'Alethi (implied)'),(190,190,'Alethi'),(191,191,'Taldainian'),(192,192,'NULL'),(193,193,'NULL'),(194,194,'NULL'),(195,195,'Alethi'),(196,196,'NULL'),(197,197,'Alethi'),(198,198,'Alethi'),(199,199,'Alethi'),(200,200,'NULL'),(201,201,'Alethi'),(202,202,'Unknown'),(203,203,'Unknown'),(204,204,'Unknown'),(205,205,'Alethi'),(206,206,'Unknown'),(207,207,'Reshi'),(208,208,'Unknown'),(209,209,'Veden'),(210,210,'Alethi'),(211,211,'Unknown'),(212,212,'Alethi'),(213,213,'NULL'),(214,214,'NULL'),(215,215,'Herdazian'),(216,216,'Unknown'),(217,217,'Unkalaki'),(218,218,'NULL'),(219,219,'Unknown'),(220,220,'NULL'),(221,221,'Purelaker'),(222,222,'Alethi'),(223,223,'NULL'),(224,224,'Alethi'),(225,225,'Alethi'),(226,226,'NULL'),(227,227,'Veden'),(228,228,'NULL'),(229,229,'NULL'),(230,230,'Unknown'),(231,231,'Alethi'),(232,232,'Alethi (presumed)'),(233,233,'Unknown'),(234,234,'Alethi'),(235,235,'Alethi'),(236,236,'Azish'),(237,237,'Alethi'),(238,238,'NULL'),(239,239,'Alethi'),(240,240,'Alethi'),(241,241,'NULL'),(242,242,'Tashikki'),(243,243,'Tashikki'),(244,244,'Alethi'),(245,245,'Alethi'),(246,246,'NULL'),(247,247,'Alethi'),(248,248,'Thaylen'),(249,249,'NULL'),(250,250,'Unknown'),(251,251,'NULL'),(252,252,'Alethi'),(253,253,'NULL'),(254,254,'Uvaran'),(255,255,'Alethi'),(256,256,'Alethi (implied)'),(257,257,'NULL'),(258,258,'NULL'),(259,259,'NULL'),(260,260,'NULL'),(261,261,'Thaylen (likely)'),(262,262,'NULL'),(263,263,'NULL'),(264,264,'Unknown'),(265,265,'Shin'),(266,266,'Alethi'),(267,267,'Threnodian'),(268,268,'NULL'),(269,269,'NULL'),(270,270,'Shin'),(271,271,'NULL'),(272,272,'NULL'),(273,273,'NULL'),(274,274,'Unknown'),(275,275,'Alethi'),(276,276,'Thaylen'),(277,277,'Alethi'),(278,278,'NULL'),(279,279,'Unkalaki'),(280,280,'NULL'),(281,281,'Unknown'),(282,282,'Alethi'),(283,283,'Alethi'),(284,284,'Alethi'),(285,285,'NULL'),(286,286,'Herdazian'),(287,287,'Alethi'),(288,288,'NULL'),(289,289,'Cryptic'),(290,290,'Unknown'),(291,291,'NULL'),(292,292,'NULL'),(293,293,'NULL'),(294,294,'NULL'),(295,295,'Herdazian'),(296,296,'Alethi'),(297,297,'Alethi'),(298,298,'NULL'),(299,299,'Alethi'),(300,300,'Veden'),(301,301,'Alethi'),(302,302,'Alethi'),(303,303,'Alethi'),(304,304,'NULL'),(305,305,'Alethi'),(306,306,'Alethi'),(307,307,'Unknown'),(308,308,'Alethi'),(309,309,'Alethi'),(310,310,'Alethi'),(311,311,'Veden'),(312,312,'Alethi'),(313,313,'NULL'),(314,314,'Unkalaki'),(315,315,'Herdazian'),(316,316,'Alethi'),(317,317,'Alethi'),(318,318,'Thaylen'),(319,319,'Alethi'),(320,320,'Alethi'),(321,321,'Alethi'),(322,322,'NULL'),(323,323,'NULL'),(324,324,'Veden'),(325,325,'Shin'),(326,326,'NULL'),(327,327,'Unknown'),(328,328,'NULL'),(329,329,'Azish'),(330,330,'NULL'),(331,331,'Unknown'),(332,332,'NULL'),(333,333,'NULL'),(334,334,'Parshman'),(335,335,'Honor'),(336,336,'Alethi'),(337,337,'Veden'),(338,338,'NULL'),(339,339,'Honor'),(340,340,'Shin'),(341,341,'Alethi'),(342,342,'NULL'),(343,343,'Unknown'),(344,344,'Alethi'),(345,345,'Alethi'),(346,346,'NULL'),(347,347,'NULL'),(348,348,'Reshi'),(349,349,'Alethi'),(350,350,'Unknown'),(351,351,'Unknown'),(352,352,'NULL'),(353,353,'Alethi'),(354,354,'Unknown'),(355,355,'Alethi'),(356,356,'Alethi'),(357,357,'Unknown'),(358,358,'Selan'),(359,359,'Alethi/Iriali'),(360,360,'Makabaki'),(361,361,'Alethi'),(362,362,'Alethi'),(363,363,'Alethi'),(364,364,'NULL'),(365,365,'Dysian Aimian'),(366,366,'Tashikki'),(367,367,'Tashikki'),(368,368,'Unknown'),(369,369,'Scadrian'),(370,370,'Shin'),(371,371,'NULL'),(372,372,'Alethi'),(373,373,'Alethi'),(374,374,'Alethi'),(375,375,'Azish'),(376,376,'Alethi'),(377,377,'Tashikki'),(378,378,'Thaylen'),(379,379,'NULL'),(380,380,'NULL'),(381,381,'Unknown'),(382,382,'NULL'),(383,383,'Alethi'),(384,384,'Alethi'),(385,385,'Thaylen'),(386,386,'Unknown'),(387,387,'NULL'),(388,388,'Thaylen'),(389,389,'Unknown'),(390,390,'Veden'),(391,391,'Alethi'),(392,392,'Shin'),(393,393,'Alethi'),(394,394,'Taldainian'),(395,395,'Unknown'),(396,396,'NULL'),(397,397,'Unknown'),(398,398,'NULL'),(399,399,'Alethi'),(400,400,'Alethi'),(401,401,'Shin'),(402,402,'Unknown'),(403,403,'Alethi'),(404,404,'NULL'),(405,405,'Veden'),(406,406,'Unknown'),(407,407,'NULL'),(408,408,'Thaylen'),(409,409,'NULL'),(410,410,'Veden'),(411,411,'Alethi'),(412,412,'Thaylen'),(413,413,'Cultivation'),(414,414,'NULL'),(415,415,'Unknown'),(416,416,'Thaylen'),(417,417,'Azish'),(418,418,'NULL'),(419,419,'Alethi'),(420,420,'Alethi'),(421,421,'Iriali'),(422,422,'Iriali'),(423,423,'NULL'),(424,424,'Idrian'),(425,425,'Shin'),(426,426,'NULL');
/*!40000 ALTER TABLE `characters_ethnicity` ENABLE KEYS */;
UNLOCK TABLES;

--
-- Table structure for table `characters_gender`
--

DROP TABLE IF EXISTS `characters_gender`;
/*!40101 SET @saved_cs_client     = @@character_set_client */;
/*!40101 SET character_set_client = utf8 */;
CREATE TABLE `characters_gender` (
  `character_gender_id` smallint(5) unsigned NOT NULL AUTO_INCREMENT,
  `character_id` smallint(5) unsigned NOT NULL,
  `gender` varchar(15) NOT NULL,
  PRIMARY KEY (`character_gender_id`)
) ENGINE=InnoDB AUTO_INCREMENT=427 DEFAULT CHARSET=latin1;
/*!40101 SET character_set_client = @saved_cs_client */;

--
-- Dumping data for table `characters_gender`
--

LOCK TABLES `characters_gender` WRITE;
/*!40000 ALTER TABLE `characters_gender` DISABLE KEYS */;
INSERT INTO `characters_gender` VALUES (1,1,'Male'),(2,2,'Male'),(3,3,'Male'),(4,4,'Male'),(5,5,'Male'),(6,6,'Female'),(7,7,'Female'),(8,8,'Male'),(9,9,'Male'),(10,10,'Male'),(11,11,'Male'),(12,12,'Female'),(13,13,'Male'),(14,14,'Male'),(15,15,'Female'),(16,16,'Male'),(17,17,'Male'),(18,18,'Male'),(19,19,'Male'),(20,20,'Female'),(21,21,'Male'),(22,22,'Male'),(23,23,'Male'),(24,24,'Female'),(25,25,'Male'),(26,26,'Male'),(27,27,'Male'),(28,28,'Male'),(29,29,'Female'),(30,30,'Male'),(31,31,'Female'),(32,32,'Male'),(33,33,'Male'),(34,34,'Male'),(35,35,'Male'),(36,36,'Female'),(37,37,'Male'),(38,38,'Male'),(39,39,'Male'),(40,40,'Female'),(41,41,'Male'),(42,42,'NULL'),(43,43,'Male'),(44,44,'Male'),(45,45,'Male'),(46,46,'Female'),(47,47,'Male'),(48,48,'Male'),(49,49,'Male'),(50,50,'Male'),(51,51,'Male'),(52,52,'Male'),(53,53,'Male'),(54,54,'Male'),(55,55,'Male'),(56,56,'Male'),(57,57,'Female'),(58,58,'Female'),(59,59,'Female'),(60,60,'Male'),(61,61,'Male'),(62,62,'Female'),(63,63,'Female'),(64,64,'Male'),(65,65,'Male'),(66,66,'Male'),(67,67,'Male'),(68,68,'Male'),(69,69,'Female'),(70,70,'Male'),(71,71,'Male'),(72,72,'Male'),(73,73,'Male'),(74,74,'Male'),(75,75,'Male'),(76,76,'Female'),(77,77,'Male'),(78,78,'Female'),(79,79,'Male'),(80,80,'Male'),(81,81,'Male'),(82,82,'Female'),(83,83,'Male'),(84,84,'Male'),(85,85,'Male'),(86,86,'Male'),(87,87,'Male'),(88,88,'Male'),(89,89,'Male'),(90,90,'Male'),(91,91,'Male'),(92,92,'Female'),(93,93,'Female'),(94,94,'Female'),(95,95,'Male'),(96,96,'Female'),(97,97,'Male'),(98,98,'Male'),(99,99,'Male'),(100,100,'Female'),(101,101,'Female'),(102,102,'Male'),(103,103,'Male'),(104,104,'Female'),(105,105,'Male'),(106,106,'Male'),(107,107,'Male'),(108,108,'Male (assumed)'),(109,109,'Male'),(110,110,'Male'),(111,111,'Female'),(112,112,'Male'),(113,113,'Male'),(114,114,'Female'),(115,115,'Male'),(116,116,'Male'),(117,117,'Male'),(118,118,'Male'),(119,119,'Male'),(120,120,'Female'),(121,121,'Female'),(122,122,'Male'),(123,123,'Unknown'),(124,124,'Male'),(125,125,'Male'),(126,126,'Male'),(127,127,'Male'),(128,128,'Male'),(129,129,'Male'),(130,130,'Male'),(131,131,'Male'),(132,132,'Male'),(133,133,'Male'),(134,134,'Male'),(135,135,'Male'),(136,136,'Female'),(137,137,'Female'),(138,138,'Male'),(139,139,'Female'),(140,140,'Male'),(141,141,'Male'),(142,142,'Male'),(143,143,'Male'),(144,144,'Male'),(145,145,'Female'),(146,146,'Female'),(147,147,'Male'),(148,148,'Male'),(149,149,'Male'),(150,150,'Female'),(151,151,'Male'),(152,152,'Male'),(153,153,'Female'),(154,154,'Female'),(155,155,'Female'),(156,156,'Male'),(157,157,'Male'),(158,158,'Male'),(159,159,'Female'),(160,160,'Male'),(161,161,'Male'),(162,162,'Female'),(163,163,'Male'),(164,164,'Male'),(165,165,'Male'),(166,166,'Male'),(167,167,'Male'),(168,168,'Female'),(169,169,'Female'),(170,170,'Male'),(171,171,'Female'),(172,172,'Male'),(173,173,'Male'),(174,174,'Male'),(175,175,'Male'),(176,176,'Male'),(177,177,'Male'),(178,178,'Male'),(179,179,'Male'),(180,180,'Male'),(181,181,'Male'),(182,182,'Male'),(183,183,'Female'),(184,184,'Female'),(185,185,'Male'),(186,186,'Male'),(187,187,'Male'),(188,188,'Male'),(189,189,'Male'),(190,190,'Male'),(191,191,'Female'),(192,192,'Male'),(193,193,'Male'),(194,194,'Male'),(195,195,'Male'),(196,196,'Male'),(197,197,'Male'),(198,198,'Female'),(199,199,'Male'),(200,200,'Male'),(201,201,'Female'),(202,202,'Male'),(203,203,'Male'),(204,204,'Male'),(205,205,'Male'),(206,206,'Male'),(207,207,'Female'),(208,208,'Female'),(209,209,'Male'),(210,210,'Male'),(211,211,'Female'),(212,212,'Female'),(213,213,'Male'),(214,214,'Male'),(215,215,'Male'),(216,216,'Male'),(217,217,'Male'),(218,218,'Male'),(219,219,'Male'),(220,220,'Female'),(221,221,'Female'),(222,222,'Female'),(223,223,'Male'),(224,224,'Male'),(225,225,'Female'),(226,226,'Male'),(227,227,'Female'),(228,228,'Male'),(229,229,'Male'),(230,230,'Male'),(231,231,'Male'),(232,232,'Female'),(233,233,'Male'),(234,234,'Male'),(235,235,'Male'),(236,236,'Male'),(237,237,'Female'),(238,238,'Male'),(239,239,'Male'),(240,240,'Male'),(241,241,'Female'),(242,242,'Male'),(243,243,'Female'),(244,244,'Male'),(245,245,'Male'),(246,246,'Male'),(247,247,'Male'),(248,248,'Male'),(249,249,'Male'),(250,250,'Male'),(251,251,'Male'),(252,252,'Male'),(253,253,'Male'),(254,254,'Female'),(255,255,'Male'),(256,256,'Male'),(257,257,'Male'),(258,258,'NULL'),(259,259,'Female'),(260,260,'Female'),(261,261,'Male'),(262,262,'Male'),(263,263,'Male'),(264,264,'Male'),(265,265,'Male'),(266,266,'Female'),(267,267,'Male'),(268,268,'Female'),(269,269,'Male'),(270,270,'Male'),(271,271,'Male'),(272,272,'Male'),(273,273,'Female'),(274,274,'Male'),(275,275,'Male'),(276,276,'Male'),(277,277,'Male'),(278,278,'Male'),(279,279,'Male'),(280,280,'Male'),(281,281,'Male'),(282,282,'Male'),(283,283,'Male'),(284,284,'Female'),(285,285,'Female'),(286,286,'Female'),(287,287,'Female'),(288,288,'Female'),(289,289,'Male'),(290,290,'Male'),(291,291,'Male'),(292,292,'Male'),(293,293,'Male'),(294,294,'Male'),(295,295,'Male'),(296,296,'Male'),(297,297,'Male'),(298,298,'Female'),(299,299,'Male'),(300,300,'Male'),(301,301,'Male'),(302,302,'Male'),(303,303,'Male'),(304,304,'Male'),(305,305,'Male'),(306,306,'Male'),(307,307,'Male'),(308,308,'Male'),(309,309,'Female'),(310,310,'Male'),(311,311,'Male'),(312,312,'Male'),(313,313,'Male'),(314,314,'Male'),(315,315,'Male'),(316,316,'Male'),(317,317,'Female'),(318,318,'Female'),(319,319,'Male'),(320,320,'Female'),(321,321,'Male'),(322,322,'Female'),(323,323,'Female'),(324,324,'Female'),(325,325,'Female'),(326,326,'Male'),(327,327,'Female'),(328,328,'Male'),(329,329,'Male'),(330,330,'Male'),(331,331,'Male'),(332,332,'Female'),(333,333,'Male'),(334,334,'Male'),(335,335,'Male'),(336,336,'Male'),(337,337,'Female'),(338,338,'Male'),(339,339,'Female'),(340,340,'Male'),(341,341,'Male'),(342,342,'Female'),(343,343,'Male'),(344,344,'Male'),(345,345,'Male'),(346,346,'Female'),(347,347,'Male'),(348,348,'Male'),(349,349,'Female'),(350,350,'Male'),(351,351,'Male'),(352,352,'Female'),(353,353,'Male'),(354,354,'Male'),(355,355,'Male'),(356,356,'Male'),(357,357,'Female'),(358,358,'Male'),(359,359,'Female'),(360,360,'Male'),(361,361,'Male'),(362,362,'Male'),(363,363,'Male'),(364,364,'Male'),(365,365,'Female'),(366,366,'Male'),(367,367,'Female'),(368,368,'Female'),(369,369,'Male'),(370,370,'Male'),(371,371,'Male'),(372,372,'Male'),(373,373,'Male'),(374,374,'Male'),(375,375,'Male'),(376,376,'Male'),(377,377,'Female'),(378,378,'Male'),(379,379,'Male'),(380,380,'Male'),(381,381,'Male'),(382,382,'Male'),(383,383,'Male'),(384,384,'Male'),(385,385,'Male'),(386,386,'Male'),(387,387,'Male'),(388,388,'Male'),(389,389,'Female'),(390,390,'Male'),(391,391,'Female'),(392,392,'Male'),(393,393,'Male'),(394,394,'Male'),(395,395,'Female'),(396,396,'Male'),(397,397,'Male'),(398,398,'Male'),(399,399,'Male'),(400,400,'Male'),(401,401,'Female'),(402,402,'Male'),(403,403,'Male'),(404,404,'Female'),(405,405,'Female'),(406,406,'Male'),(407,407,'Female'),(408,408,'Male'),(409,409,'Male'),(410,410,'Male'),(411,411,'Male'),(412,412,'Male'),(413,413,'Male'),(414,414,'Male'),(415,415,'Male'),(416,416,'Male'),(417,417,'Male'),(418,418,'Male'),(419,419,'Male'),(420,420,'Male'),(421,421,'Male'),(422,422,'Male'),(423,423,'Male'),(424,424,'Male'),(425,425,'Female'),(426,426,'Female');
/*!40000 ALTER TABLE `characters_gender` ENABLE KEYS */;
UNLOCK TABLES;

--
-- Table structure for table `characters_name`
--

DROP TABLE IF EXISTS `characters_name`;
/*!40101 SET @saved_cs_client     = @@character_set_client */;
/*!40101 SET character_set_client = utf8 */;
CREATE TABLE `characters_name` (
  `character_name_id` smallint(5) unsigned NOT NULL AUTO_INCREMENT,
  `character_id` smallint(5) unsigned NOT NULL,
  `name` varchar(40) NOT NULL,
  PRIMARY KEY (`character_name_id`)
) ENGINE=InnoDB AUTO_INCREMENT=427 DEFAULT CHARSET=latin1;
/*!40101 SET character_set_client = @saved_cs_client */;

--
-- Dumping data for table `characters_name`
--

LOCK TABLES `characters_name` WRITE;
/*!40000 ALTER TABLE `characters_name` DISABLE KEYS */;
INSERT INTO `characters_name` VALUES (1,1,'Abrial'),(2,2,'Abrobadar'),(3,3,'Abronai'),(4,4,'Adis'),(5,5,'Adolin Kholin'),(6,6,'Adrotagia'),(7,7,'Aesudan Kholin'),(8,8,'Alabet'),(9,9,'Aladar'),(10,10,'Alakavish'),(11,11,'Alds'),(12,12,'Ali-daughter-Hasweth'),(13,13,'Alim'),(14,14,'Amark'),(15,15,'Apara'),(16,16,'Apothecary'),(17,17,'Arclo'),(18,18,'Alakavish'),(19,19,'Artmyrn'),(20,20,'Unknown'),(21,21,'Ashelem'),(22,22,'Ashertmarn'),(23,23,'Ashir'),(24,24,'Ashlv'),(25,25,'Au-nak'),(26,26,'Av'),(27,27,'Avado'),(28,28,'Avaran'),(29,29,'Avena'),(30,30,'Axies the Collector'),(31,31,'Ba-Ado-Mishram'),(32,32,'Balat Davar'),(33,33,'Barlesha Lhan'),(34,34,'Barmest'),(35,35,'Bashin'),(36,36,'Battar'),(37,37,'Baxil'),(38,38,'Beld'),(39,39,'Bethab'),(40,40,'Bila'),(41,41,'Bisig'),(42,42,'NULL'),(43,43,'Bluth'),(44,44,'Bordin'),(45,45,'Boriar'),(46,46,'Brianlia'),(47,47,'Brightlord Gevelmar'),(48,48,'Brightlord Havar'),(49,49,'Brightlord Lustow'),(50,50,'Brightlord Morakotha'),(51,51,'Brightlord Resi'),(52,52,'Brightlord Roshone'),(53,53,'Brightlord Seveks'),(54,54,'Brightlord Sheler'),(55,55,'Brightlord Tashlin'),(56,56,'Brightlord Tavinar'),(57,57,'Brightness Davar'),(58,58,'Brightness Hasheh'),(59,59,'Brightness Istow'),(60,60,'Cael'),(61,61,'Cenn'),(62,62,'Chanada'),(63,63,'Chanarach'),(64,64,'Chilinko'),(65,65,'Chivi'),(66,66,'Corberon'),(67,67,'Coreb'),(68,68,'Corl'),(69,69,'Corvana'),(70,70,'Cyn'),(71,71,'Dabbid'),(72,72,'Dalar'),(73,73,'Dalinar Kholin'),(74,74,'Dallet'),(75,75,'Dandos the Oilsworn'),(76,76,'Danlan Morakotha'),(77,77,'Davim'),(78,78,'Deeli'),(79,79,'Delp'),(80,80,'Demid'),(81,81,'Derethil'),(82,82,'Dova'),(83,83,'Drehy'),(84,84,'Dunny'),(85,85,'Dym'),(86,86,'Elhokar Kholin'),(87,87,'Elit Ruthar'),(88,88,'Elthal'),(89,89,'Elthebar'),(90,90,'En'),(91,91,'Erraniv'),(92,92,'Eshava'),(93,93,'Eshonai'),(94,94,'Eshonai\'s Mother'),(95,95,'Eth'),(96,96,'Evi Kholin'),(97,97,'Evinor'),(98,98,'Evod Markmaker'),(99,99,'Extes'),(100,100,'Eylita Tavinar'),(101,101,'F\'en Rnamdi'),(102,102,'Fabrisan'),(103,103,'Falilar'),(104,104,'Falksi'),(105,105,'Fin'),(106,106,'Fladm'),(107,107,'Fleet'),(108,108,'Frost'),(109,109,'Gabrathin'),(110,110,'Gadol'),(111,111,'Gangnah'),(112,112,'Gare'),(113,113,'Gashash'),(114,114,'Gavarah'),(115,115,'Gavashaw'),(116,116,'Gavilar Kholin'),(117,117,'Gavinor Kholin'),(118,118,'Gawx'),(119,119,'Gaz'),(120,120,'Geranid'),(121,121,'Ghenna'),(122,122,'Gitgeth'),(123,123,'Glys'),(124,124,'Goshel'),(125,125,'Graves'),(126,126,'Gregorh'),(127,127,'Gu'),(128,128,'Guyn'),(129,129,'Hab'),(130,130,'Habsant'),(131,131,'Hallaw'),(132,132,'Hammie'),(133,133,'Hanavanar'),(134,134,'Harkaylain'),(135,135,'Harl'),(136,136,'Hashal'),(137,137,'Hasweth'),(138,138,'Hatham'),(139,139,'Hauka'),(140,140,'Hav'),(141,141,'Havarah'),(142,142,'Havrom'),(143,143,'Heb'),(144,144,'Helaran Davar'),(145,145,'Hesina'),(146,146,'Hmalka'),(147,147,'Hobber'),(148,148,'Hoid'),(149,149,'Huqin'),(150,150,'Ialai Sadeas'),(151,151,'Idolir'),(152,152,'Idrin'),(153,153,'Inadara'),(154,154,'Inkima'),(155,155,'Invia'),(156,156,'Isasik Shulin'),(157,157,'Ishar'),(158,158,'Ishikk'),(159,159,'Ivis'),(160,160,'Ivory'),(161,161,'Ixil'),(162,162,'Iyatil'),(163,163,'Jakamav'),(164,164,'Jaks'),(165,165,'Jal Mala'),(166,166,'Jam'),(167,167,'Unknown'),(168,168,'Janala Lustow'),(169,169,'Jasnah Kholin'),(170,170,'Jayla Ruthar'),(171,171,'Jenet'),(172,172,'Jenin'),(173,173,'Jest'),(174,174,'Jezrien'),(175,175,'Joshor'),(176,176,'Jost'),(177,177,'Jushu Davar'),(178,178,'Kabsal'),(179,179,'Kadash'),(180,180,'Kadasix'),(181,181,'Kaladin'),(182,182,'Kalak'),(183,183,'Kalami'),(184,184,'Kalana'),(185,185,'Kalishor'),(186,186,'Katarotam'),(187,187,'Kazilah'),(188,188,'Khal'),(189,189,'Khal\'s Son'),(190,190,'Khav'),(191,191,'Khriss'),(192,192,'Klade'),(193,193,'Koolf'),(194,194,'Koorm'),(195,195,'Korater'),(196,196,'Kylrm'),(197,197,'Ladent'),(198,198,'Lalai'),(199,199,'Lamaril'),(200,200,'Lanacin the Surefooted'),(201,201,'Laral Wistiow'),(202,202,'Laresh'),(203,203,'Leef'),(204,204,'Leyten'),(205,205,'Lhan'),(206,206,'Lhanin'),(207,207,'Lift'),(208,208,'Lift\'s Mother'),(209,209,'Lin Davar'),(210,210,'Lirin'),(211,211,'Liss'),(212,212,'Litima'),(213,213,'Lomard'),(214,214,'Longshadow'),(215,215,'Lopen'),(216,216,'Luesh'),(217,217,'Lunu\'anaki'),(218,218,'Maben'),(219,219,'Macob'),(220,220,'Madasa'),(221,221,'Maib'),(222,222,'Makal'),(223,223,'Makkek'),(224,224,'Malan'),(225,225,'Malasha Seveks'),(226,226,'Malchin'),(227,227,'Malise Gevelmar'),(228,228,'Malop'),(229,229,'Manaline'),(230,230,'Maps'),(231,231,'Marks'),(232,232,'Marri'),(233,233,'Mart'),(234,234,'Matain'),(235,235,'Matal'),(236,236,'Maxin'),(237,237,'May Aladar'),(238,238,'Melishi'),(239,239,'Meridas Amaram'),(240,240,'Mesh'),(241,241,'Miasal'),(242,242,'Mik'),(243,243,'Mik\'s Mother'),(244,244,'Milp'),(245,245,'Moash'),(246,246,'Moelach'),(247,247,'Mord'),(248,248,'Mraize'),(249,249,'Mrall'),(250,250,'Mungam'),(251,251,'Murk'),(252,252,'Nacomb Gaval'),(253,253,'Nadris'),(254,254,'Nafti'),(255,255,'Naget'),(256,256,'Nakal'),(257,257,'Nale'),(258,258,'NULL'),(259,259,'Nall'),(260,260,'Nalma'),(261,261,'Nanhel Entorv'),(262,262,'Narm'),(263,263,'Nashan'),(264,264,'Natam'),(265,265,'Navammis'),(266,266,'Navani Kholin'),(267,267,'Nazh'),(268,268,'Nelda'),(269,269,'Nergaoul'),(270,270,'Neturo'),(271,271,'Niali the Just'),(272,272,'Nightblood'),(273,273,'Nightwatcher'),(274,274,'Nissiquan'),(275,275,'Niter'),(276,276,'Nlent'),(277,277,'Nohadon'),(278,278,'Nu Ralik'),(279,279,'Nuatoma'),(280,280,'Odium'),(281,281,'Old Man'),(282,282,'Old Tarn'),(283,283,'Oolelen'),(284,284,'Pai'),(285,285,'Paliah'),(286,286,'Palona'),(287,287,'Pama'),(288,288,'Parasaphi'),(289,289,'Pattern'),(290,290,'Pedin'),(291,291,'Peet'),(292,292,'Perethom'),(293,293,'Pitt'),(294,294,'Placini'),(295,295,'Punio'),(296,296,'Ral'),(297,297,'Ralinor'),(298,298,'Re-Shepir'),(299,299,'Red'),(300,300,'Redin'),(301,301,'Reesh'),(302,302,'Relis Ruthar'),(303,303,'Renarin Kholin'),(304,304,'Rencalt'),(305,305,'Reral Makoram'),(306,306,'Restares'),(307,307,'Rez'),(308,308,'Rill'),(309,309,'Rilla'),(310,310,'Rillir Roshone'),(311,311,'Rin'),(312,312,'Rind'),(313,313,'Rlain'),(314,314,'Rock'),(315,315,'Rod'),(316,316,'Roion'),(317,317,'Rushu'),(318,318,'Rysn'),(319,319,'Salinor Eved'),(320,320,'Sani'),(321,321,'Sebarial'),(322,322,'Seeli'),(323,323,'Shalash'),(324,324,'Shallan Davar'),(325,325,'Shauka-daughter-Hasweth'),(326,326,'Shen'),(327,327,'Shoren'),(328,328,'Sidin'),(329,329,'Sigzil'),(330,330,'Simol'),(331,331,'Sinbian'),(332,332,'Sja-anat'),(333,333,'Skar'),(334,334,'Sphere Vault Thief'),(335,335,'Stormfather'),(336,336,'Sunmaker'),(337,337,'Swiftspren'),(338,338,'Syasikk'),(339,339,'Sylphrena'),(340,340,'Szeth'),(341,341,'Tadet'),(342,342,'Taffa'),(343,343,'Tag'),(344,344,'Taka'),(345,345,'Talanor'),(346,346,'Talata'),(347,347,'Talenel\'Elin'),(348,348,'Talik'),(349,349,'Tarah'),(350,350,'Taran'),(351,351,'Taravangian'),(352,352,'Taravangian\'s  granddaughter'),(353,353,'Tarilar'),(354,354,'Tearim'),(355,355,'Teft'),(356,356,'Teleb'),(357,357,'Telesh'),(358,358,'Temoo'),(359,359,'Teshav'),(360,360,'Tezim'),(361,361,'Thaidakar'),(362,362,'Thakka'),(363,363,'Thanadal'),(364,364,'Thaspic'),(365,365,'The Cook'),(366,366,'The Shopkeeper'),(367,367,'The Stump'),(368,368,'The Weeper'),(369,369,'Thinker'),(370,370,'Thresh-son-Esan'),(371,371,'Thude'),(372,372,'Tibon'),(373,373,'Tien'),(374,374,'Tift'),(375,375,'Tigzikk'),(376,376,'Tinalar'),(377,377,'Tiqqa'),(378,378,'Tlik'),(379,379,'Ton'),(380,380,'Took'),(381,381,'Torfin'),(382,382,'Tormas'),(383,383,'Torol'),(384,384,'Torol Sadeas'),(385,385,'Tozbek'),(386,386,'Treff'),(387,387,'Tukks'),(388,388,'Tvlakv'),(389,389,'Tyn'),(390,390,'Valam'),(391,391,'Valama'),(392,392,'Vallano'),(393,393,'Vamah'),(394,394,'Vao'),(395,395,'Varala'),(396,396,'Varanis'),(397,397,'Varas'),(398,398,'Varnali'),(399,399,'Varth'),(400,400,'Vartian'),(401,401,'Vath'),(402,402,'Vathah'),(403,403,'Vathe'),(404,404,'Vedel'),(405,405,'Veil'),(406,406,'Ven'),(407,407,'Venli'),(408,408,'Vstim'),(409,409,'Vun Makak'),(410,410,'Wikim Davar'),(411,411,'Wistiow'),(412,412,'Wmlak'),(413,413,'Wyndle'),(414,414,'Yaezir'),(415,415,'Yake'),(416,416,'Yalb'),(417,417,'Yanagawn'),(418,418,'Yelig-nar'),(419,419,'Yenev'),(420,420,'Yezriar'),(421,421,'Yis'),(422,422,'Ym'),(423,423,'Yustara'),(424,424,'Zahel'),(425,425,'Zen-daughter-Vath'),(426,426,'Zuln');
/*!40000 ALTER TABLE `characters_name` ENABLE KEYS */;
UNLOCK TABLES;

--
-- Table structure for table `characters_nationality`
--

DROP TABLE IF EXISTS `characters_nationality`;
/*!40101 SET @saved_cs_client     = @@character_set_client */;
/*!40101 SET character_set_client = utf8 */;
CREATE TABLE `characters_nationality` (
  `character_nationality_id` smallint(5) unsigned NOT NULL AUTO_INCREMENT,
  `character_id` smallint(5) unsigned NOT NULL,
  `nationality` varchar(40) NOT NULL,
  PRIMARY KEY (`character_nationality_id`)
) ENGINE=InnoDB AUTO_INCREMENT=427 DEFAULT CHARSET=latin1;
/*!40101 SET character_set_client = @saved_cs_client */;

--
-- Dumping data for table `characters_nationality`
--

LOCK TABLES `characters_nationality` WRITE;
/*!40000 ALTER TABLE `characters_nationality` DISABLE KEYS */;
INSERT INTO `characters_nationality` VALUES (1,1,'Jah Kevedian'),(2,2,'Alethi'),(3,3,'NULL'),(4,4,'NULL'),(5,5,'Alethi'),(6,6,'Kharbranthian'),(7,7,'Alethi'),(8,8,'Alethi'),(9,9,'Alethi'),(10,10,'Alathelan'),(11,11,'Alethi'),(12,12,'Shin'),(13,13,'Alethi'),(14,14,'Unknown'),(15,15,'Alethi'),(16,16,'NULL'),(17,17,'Unknown'),(18,18,'NULL'),(19,19,'Thaylen'),(20,20,'Thaylen'),(21,21,'Alethi'),(22,22,'NULL'),(23,23,'Alethi'),(24,24,'Thaylen'),(25,25,'Natanatani'),(26,26,'Emuli'),(27,27,'Emuli'),(28,28,'Alethi'),(29,29,'NULL'),(30,30,'Aimian'),(31,31,'NULL'),(32,32,'Jah Kevedian'),(33,33,'NULL'),(34,34,'Frostlandian'),(35,35,'Alethi'),(36,36,'NULL'),(37,37,'Emuli'),(38,38,'Alethi'),(39,39,'Alethi'),(40,40,'NULL'),(41,41,'Alethi'),(42,42,'NULL'),(43,43,'Alethi'),(44,44,'Alethi'),(45,45,'Jah Kevedian'),(46,46,'NULL'),(47,47,'Jah Kevedian'),(48,48,'Alethi'),(49,49,'Alethi'),(50,50,'Alethi'),(51,51,'Alethi'),(52,52,'Alethi'),(53,53,'Alethi'),(54,54,'Alethi'),(55,55,'Alethi'),(56,56,'Jah Kevedian'),(57,57,'Jah Kevedian'),(58,58,'Alethi'),(59,59,'Alethi'),(60,60,'Alethi'),(61,61,'Alethi'),(62,62,'Alethi'),(63,63,'NULL'),(64,64,'Alethi'),(65,65,'NULL'),(66,66,'NULL'),(67,67,'Alethi'),(68,68,'NULL'),(69,69,'NULL'),(70,70,'Alethi'),(71,71,'Herdazian'),(72,72,'Alethi'),(73,73,'Alethi'),(74,74,'Alethi'),(75,75,'Unknown'),(76,76,'Alethi'),(77,77,'NULL'),(78,78,'Alethi'),(79,79,'Alethi'),(80,80,'NULL'),(81,81,'NULL'),(82,82,'Frostlandian'),(83,83,'Rianal'),(84,84,'Alethi'),(85,85,'Alethi'),(86,86,'Alethi'),(87,87,'Alethi'),(88,88,'Alethi'),(89,89,'Alethi'),(90,90,'Alethi'),(91,91,'Alethi'),(92,92,'Alethi'),(93,93,'NULL'),(94,94,'NULL'),(95,95,'Alethi'),(96,96,'Alethi'),(97,97,'Jah Kevedian'),(98,98,'NULL'),(99,99,'Unknown'),(100,100,'Jah Kevedian'),(101,101,'Thaylen'),(102,102,'NULL'),(103,103,'Alethi'),(104,104,'Azish'),(105,105,'Alethi'),(106,106,'Thaylen'),(107,107,'NULL'),(108,108,'NULL'),(109,109,'Shin'),(110,110,'NULL'),(111,111,'NULL'),(112,112,'Alethi'),(113,113,'Shin'),(114,114,'NULL'),(115,115,'Bav'),(116,116,'Alethi'),(117,117,'Alethi'),(118,118,'Azish'),(119,119,'Alethi'),(120,120,'Alethi'),(121,121,'Tashikki'),(122,122,'NULL'),(123,123,'NULL'),(124,124,'Alethi'),(125,125,'Alethi'),(126,126,'NULL'),(127,127,'NULL'),(128,128,'Unknown'),(129,129,'Alethi'),(130,130,'Frostlandian'),(131,131,'Alethi'),(132,132,'Alethi'),(133,133,'Jah Kevedian'),(134,134,'NULL'),(135,135,'Alethi'),(136,136,'Alethi'),(137,137,'Shin'),(138,138,'Alethi'),(139,139,'Tashikki'),(140,140,'Alethi'),(141,141,'Alethi'),(142,142,'Alethi'),(143,143,'NULL'),(144,144,'Jah Kevedian'),(145,145,'Alethi'),(146,146,'Thaylen'),(147,147,'NULL'),(148,148,'Unknown'),(149,149,'Azish'),(150,150,'Alethi'),(151,151,'Alethi'),(152,152,'Alethi'),(153,153,'Alethi'),(154,154,'Alethi'),(155,155,'NULL'),(156,156,'Alethi'),(157,157,'NULL'),(158,158,'Purelaker'),(159,159,'Alethi'),(160,160,'NULL'),(161,161,'Frostlandian'),(162,162,'Silverlight'),(163,163,'Alethi'),(164,164,'NULL'),(165,165,'Jah Kevedian'),(166,166,'Alethi'),(167,167,'Alethi'),(168,168,'Alethi'),(169,169,'Alethi'),(170,170,'Alethi'),(171,171,'Alethi'),(172,172,'Alethi'),(173,173,'Alethi'),(174,174,'NULL'),(175,175,'Kharbranthian'),(176,176,'Alethi'),(177,177,'Jah Kevedian'),(178,178,'Herdazian'),(179,179,'Alethi'),(180,180,'NULL'),(181,181,'Alethi'),(182,182,'NULL'),(183,183,'Alethi'),(184,184,'Alethi'),(185,185,'Alethi'),(186,186,'Alethi'),(187,187,'NULL'),(188,188,'Alethi (implied)'),(189,189,'Alethi (implied)'),(190,190,'Alethi'),(191,191,'Taldainian'),(192,192,'NULL'),(193,193,'NULL'),(194,194,'NULL'),(195,195,'Alethi'),(196,196,'NULL'),(197,197,'Alethi'),(198,198,'Alethi'),(199,199,'Alethi'),(200,200,'NULL'),(201,201,'Alethi'),(202,202,'Alethi'),(203,203,'Unknown'),(204,204,'Alethi'),(205,205,'Alethi'),(206,206,'Alethi'),(207,207,'Unknown'),(208,208,'Unknown'),(209,209,'Jah Kevedian'),(210,210,'Alethi'),(211,211,'Unknown'),(212,212,'Alethi'),(213,213,'Alethi'),(214,214,'NULL'),(215,215,'Alethi'),(216,216,'Jah Kevedian'),(217,217,'Unkalaki'),(218,218,'Kharbranthian'),(219,219,'Unknown'),(220,220,'NULL'),(221,221,'Purelaker'),(222,222,'Alethi'),(223,223,'Bav'),(224,224,'Alethi'),(225,225,'Alethi'),(226,226,'NULL'),(227,227,'Jah Kevedian'),(228,228,'NULL'),(229,229,'NULL'),(230,230,'Unknown'),(231,231,'Alethi'),(232,232,'Alethi (presumed)'),(233,233,'Alethi'),(234,234,'Alethi'),(235,235,'Alethi'),(236,236,'Azish'),(237,237,'Alethi'),(238,238,'NULL'),(239,239,'Alethi'),(240,240,'Alethi'),(241,241,'Alethi'),(242,242,'Tashikki'),(243,243,'Tashikki'),(244,244,'Alethi'),(245,245,'Alethi'),(246,246,'NULL'),(247,247,'Alethi'),(248,248,'NULL'),(249,249,'Thaylen'),(250,250,'Frostlandian'),(251,251,'NULL'),(252,252,'Alethi'),(253,253,'NULL'),(254,254,'Uvaran'),(255,255,'Alethi'),(256,256,'Alethi'),(257,257,'NULL'),(258,258,'NULL'),(259,259,'Alethi'),(260,260,'NULL'),(261,261,'Thaylen (likely)'),(262,262,'NULL'),(263,263,'NULL'),(264,264,'Alethi'),(265,265,'Shin'),(266,266,'Alethi'),(267,267,'Unknown'),(268,268,'NULL'),(269,269,'NULL'),(270,270,'Shin'),(271,271,'NULL'),(272,272,'NULL'),(273,273,'NULL'),(274,274,'Tashikki'),(275,275,'Alethi'),(276,276,'NULL'),(277,277,'Alethi'),(278,278,'NULL'),(279,279,'Unkalaki'),(280,280,'NULL'),(281,281,'Unknown'),(282,282,'Alethi'),(283,283,'NULL'),(284,284,'Alethi'),(285,285,'NULL'),(286,286,'Alethi'),(287,287,'Alethi'),(288,288,'NULL'),(289,289,'NULL'),(290,290,'Alethi'),(291,291,'NULL'),(292,292,'Alethi'),(293,293,'NULL'),(294,294,'NULL'),(295,295,'Herdazian'),(296,296,'Alethi'),(297,297,'Alethi'),(298,298,'NULL'),(299,299,'Alethi'),(300,300,'Jah Kevedian'),(301,301,'Alethi'),(302,302,'Alethi'),(303,303,'Alethi'),(304,304,'NULL'),(305,305,'Alethi'),(306,306,'Alethi'),(307,307,'Unknown'),(308,308,'Alethi'),(309,309,'Alethi'),(310,310,'Alethi'),(311,311,'Jah Kevedian'),(312,312,'Alethi'),(313,313,'NULL'),(314,314,'Unkalaki'),(315,315,'Herdazian'),(316,316,'Alethi'),(317,317,'Alethi'),(318,318,'Thaylen'),(319,319,'Alethi'),(320,320,'Alethi'),(321,321,'Alethi'),(322,322,'NULL'),(323,323,'NULL'),(324,324,'Jah Kevedian'),(325,325,'Shin'),(326,326,'NULL'),(327,327,'Alethi'),(328,328,'Alethi'),(329,329,'Azish'),(330,330,'NULL'),(331,331,'Unknown'),(332,332,'NULL'),(333,333,'NULL'),(334,334,'Rosharan'),(335,335,'NULL'),(336,336,'Alethi'),(337,337,'Jah Kevedian'),(338,338,'NULL'),(339,339,'NULL'),(340,340,'Shin'),(341,341,'Alethi'),(342,342,'NULL'),(343,343,'Unknown'),(344,344,'Alethi'),(345,345,'Alethi'),(346,346,'Alethi'),(347,347,'NULL'),(348,348,'Reshi'),(349,349,'Alethi'),(350,350,'Alethi'),(351,351,'Frostlandian'),(352,352,'Kharbranthian'),(353,353,'Alethi'),(354,354,'Alethi'),(355,355,'Alethi'),(356,356,'Alethi'),(357,357,'Unknown'),(358,358,'Duladelan'),(359,359,'Alethi'),(360,360,'Tukari'),(361,361,'Alethi'),(362,362,'Alethi'),(363,363,'Alethi'),(364,364,'Purelaker'),(365,365,'Unknown'),(366,366,'Tashikki'),(367,367,'Tashikki'),(368,368,'Unknown'),(369,369,'Unknown'),(370,370,'Shin'),(371,371,'NULL'),(372,372,'Alethi'),(373,373,'Alethi'),(374,374,'Alethi'),(375,375,'Azish'),(376,376,'Alethi'),(377,377,'Tashikki'),(378,378,'Thaylen'),(379,379,'NULL'),(380,380,'NULL'),(381,381,'Alethi'),(382,382,'NULL'),(383,383,'Alethi'),(384,384,'Alethi'),(385,385,'Thaylen'),(386,386,'Alethi'),(387,387,'Alethi'),(388,388,'Thaylen'),(389,389,'Tu Baylan'),(390,390,'Jah Kevedian'),(391,391,'Alethi'),(392,392,'Shin'),(393,393,'Alethi'),(394,394,'Taldanian'),(395,395,'Unknown'),(396,396,'NULL'),(397,397,'Frostlandian'),(398,398,'NULL'),(399,399,'Alethi'),(400,400,'Alethi'),(401,401,'Shin'),(402,402,'Alethi'),(403,403,'Unknown'),(404,404,'NULL'),(405,405,'Jah Kevedian'),(406,406,'Alethi'),(407,407,'NULL'),(408,408,'Thaylen'),(409,409,'NULL'),(410,410,'Jah Kevedian'),(411,411,'NULL'),(412,412,'Thaylen'),(413,413,'NULL'),(414,414,'Aziri'),(415,415,'Alethi'),(416,416,'Thaylen'),(417,417,'Azish'),(418,418,'NULL'),(419,419,'Alethi'),(420,420,'Alethi'),(421,421,'Iriali'),(422,422,'Iriali'),(423,423,'NULL'),(424,424,'Unknown'),(425,425,'Shin'),(426,426,'NULL');
/*!40000 ALTER TABLE `characters_nationality` ENABLE KEYS */;
UNLOCK TABLES;

--
-- Table structure for table `characters_occupation`
--

DROP TABLE IF EXISTS `characters_occupation`;
/*!40101 SET @saved_cs_client     = @@character_set_client */;
/*!40101 SET character_set_client = utf8 */;
CREATE TABLE `characters_occupation` (
  `character_occupation_id` smallint(5) unsigned NOT NULL AUTO_INCREMENT,
  `character_id` smallint(5) unsigned NOT NULL,
  `occupation` varchar(40) NOT NULL,
  PRIMARY KEY (`character_occupation_id`)
) ENGINE=InnoDB AUTO_INCREMENT=447 DEFAULT CHARSET=latin1;
/*!40101 SET character_set_client = @saved_cs_client */;

--
-- Dumping data for table `characters_occupation`
--

LOCK TABLES `characters_occupation` WRITE;
/*!40000 ALTER TABLE `characters_occupation` DISABLE KEYS */;
INSERT INTO `characters_occupation` VALUES (1,1,'Highprince'),(2,2,'NULL'),(3,3,'NULL'),(4,4,'NULL'),(5,5,'Noble'),(6,5,'Soldier'),(7,6,'NULL'),(8,7,'NULL'),(9,8,'NULL'),(10,9,'Highprince of Information'),(11,10,'NULL'),(12,11,'NULL'),(13,12,'NULL'),(14,13,'NULL'),(15,14,'NULL'),(16,15,'NULL'),(17,16,'NULL'),(18,17,'NULL'),(19,18,'NULL'),(20,19,'NULL'),(21,20,'NULL'),(22,21,'NULL'),(23,22,'NULL'),(24,23,'Chemist/Cook'),(25,24,'NULL'),(26,25,'NULL'),(27,26,'NULL'),(28,27,'NULL'),(29,28,'NULL'),(30,29,'NULL'),(31,30,'NULL'),(32,31,'NULL'),(33,32,'NULL'),(34,33,'NULL'),(35,34,'NULL'),(36,35,'NULL'),(37,36,'Herald of the Almighty'),(38,37,'NULL'),(39,38,'NULL'),(40,39,'Highprince'),(41,40,'NULL'),(42,41,'NULL'),(43,42,'NULL'),(44,43,'NULL'),(45,44,'NULL'),(46,45,'Highprince'),(47,46,'NULL'),(48,47,'NULL'),(49,48,'NULL'),(50,49,'Soldier'),(51,50,'NULL'),(52,51,'NULL'),(53,52,'Landlord'),(54,53,'NULL'),(55,54,'Soldier'),(56,55,'Soldier'),(57,56,'NULL'),(58,57,'NULL'),(59,58,'NULL'),(60,59,'NULL'),(61,60,'Soldier'),(62,61,'NULL'),(63,62,'Ardent'),(64,63,'Herald of the Almighty'),(65,64,'NULL'),(66,65,'NULL'),(67,66,'NULL'),(68,67,'NULL'),(69,68,'NULL'),(70,69,'NULL'),(71,70,'NULL'),(72,71,'NULL'),(73,72,'Soldier'),(74,73,'Highprince'),(75,73,'Leader of the Knights Radiant'),(76,74,'NULL'),(77,75,'NULL'),(78,76,'Clerk/Scribe'),(79,77,'NULL'),(80,78,'NULL'),(81,79,'NULL'),(82,80,'NULL'),(83,81,'NULL'),(84,82,'NULL'),(85,83,'NULL'),(86,84,'NULL'),(87,85,'NULL'),(88,86,'King'),(89,87,'Noble'),(90,88,'NULL'),(91,89,'NULL'),(92,90,'NULL'),(93,91,'NULL'),(94,92,'NULL'),(95,93,'NULL'),(96,94,'NULL'),(97,95,'NULL'),(98,96,'NULL'),(99,97,'Highprince'),(100,98,'NULL'),(101,99,'NULL'),(102,100,'NULL'),(103,101,'Ruler'),(104,102,'NULL'),(105,103,'NULL'),(106,104,'NULL'),(107,105,'NULL'),(108,106,'NULL'),(109,107,'NULL'),(110,108,'NULL'),(111,109,'NULL'),(112,110,'NULL'),(113,111,'NULL'),(114,112,'Soldier'),(115,113,'NULL'),(116,114,'NULL'),(117,115,'NULL'),(118,116,'King'),(119,117,'NULL'),(120,118,'Thief (previously)'),(121,118,'Emperor (currently)'),(122,119,'NULL'),(123,120,'Scientist'),(124,121,'NULL'),(125,122,'NULL'),(126,123,'Truthwatcherspren'),(127,124,'NULL'),(128,125,'Soldier'),(129,126,'NULL'),(130,127,'NULL'),(131,128,'NULL'),(132,129,'NULL'),(133,130,'NULL'),(134,131,'NULL'),(135,132,'NULL'),(136,133,'King'),(137,134,'NULL'),(138,135,'NULL'),(139,136,'NULL'),(140,137,'NULL'),(141,138,'Highprince'),(142,139,'Guardswoman'),(143,140,'Soldier'),(144,141,'Bridgeman'),(145,142,'NULL'),(146,143,'NULL'),(147,144,'NULL'),(148,145,'NULL'),(149,146,'NULL'),(150,147,'NULL'),(151,148,'NULL'),(152,149,'NULL'),(153,150,'NULL'),(154,151,'NULL'),(155,152,'NULL'),(156,153,'NULL'),(157,154,'NULL'),(158,155,'NULL'),(159,156,'Ardent'),(160,157,'Herald of the Almighty'),(161,158,'NULL'),(162,159,'NULL'),(163,160,'Elsecallerspren'),(164,161,'NULL'),(165,162,'Ghostblood'),(166,163,'NULL'),(167,164,'NULL'),(168,165,'Highprince'),(169,166,'NULL'),(170,167,'NULL'),(171,168,'NULL'),(172,169,'Noble'),(173,169,'High Scholar'),(174,169,'Veristitalian'),(175,170,'Highprince'),(176,171,'NULL'),(177,172,'NULL'),(178,173,'NULL'),(179,174,'Herald of the Almighty'),(180,175,'Silent Gatherer'),(181,176,'NULL'),(182,177,'NULL'),(183,178,'Ghostblood'),(184,179,'NULL'),(185,180,'NULL'),(186,181,'NULL'),(187,182,'Herald of the Almighty'),(188,183,'NULL'),(189,184,'NULL'),(190,185,'NULL'),(191,186,'NULL'),(192,187,'NULL'),(193,188,'Soldier'),(194,189,'NULL'),(195,190,'NULL'),(196,191,'NULL'),(197,192,'NULL'),(198,193,'NULL'),(199,194,'NULL'),(200,195,'NULL'),(201,196,'NULL'),(202,197,'NULL'),(203,198,'NULL'),(204,199,'Soldier'),(205,200,'NULL'),(206,201,'NULL'),(207,202,'NULL'),(208,203,'NULL'),(209,204,'NULL'),(210,205,'NULL'),(211,206,'NULL'),(212,207,'NULL'),(213,208,'NULL'),(214,209,'Politician'),(215,209,'Quarry-master'),(216,210,'NULL'),(217,211,'Assassin'),(218,212,'NULL'),(219,213,'NULL'),(220,214,'NULL'),(221,215,'Bridgeman (formerly)'),(222,215,'Squire'),(223,216,'NULL'),(224,217,'NULL'),(225,218,'NULL'),(226,219,'Merchant'),(227,220,'NULL'),(228,221,'NULL'),(229,222,'NULL'),(230,223,'NULL'),(231,224,'Soldier'),(232,225,'NULL'),(233,226,'NULL'),(234,227,'NULL'),(235,228,'NULL'),(236,229,'NULL'),(237,230,'NULL'),(238,231,'Soldier'),(239,232,'NULL'),(240,233,'NULL'),(241,234,'NULL'),(242,235,'NULL'),(243,236,'NULL'),(244,237,'NULL'),(245,238,'NULL'),(246,239,'Soldier'),(247,240,'Soldier'),(248,241,'NULL'),(249,242,'NULL'),(250,243,'NULL'),(251,244,'NULL'),(252,245,'Bridgeman'),(253,245,'King\'s Guard'),(254,246,'NULL'),(255,247,'NULL'),(256,248,'Ghostblood'),(257,249,'NULL'),(258,250,'NULL'),(259,251,'NULL'),(260,252,'NULL'),(261,253,'NULL'),(262,254,'NULL'),(263,255,'NULL'),(264,256,'NULL'),(265,257,'Herald of the Almighty'),(266,258,'NULL'),(267,259,'NULL'),(268,260,'NULL'),(269,261,'NULL'),(270,262,'NULL'),(271,263,'NULL'),(272,264,'NULL'),(273,265,'NULL'),(274,266,'Artifabrian'),(275,267,'NULL'),(276,268,'NULL'),(277,269,'NULL'),(278,270,'NULL'),(279,271,'NULL'),(280,272,'NULL'),(281,273,'NULL'),(282,274,'NULL'),(283,275,'Soldier'),(284,276,'NULL'),(285,277,'King'),(286,278,'NULL'),(287,279,'NULL'),(288,280,'NULL'),(289,281,'NULL'),(290,282,'NULL'),(291,283,'NULL'),(292,284,'NULL'),(293,285,'Herald of the Almighty'),(294,286,'NULL'),(295,287,'NULL'),(296,288,'NULL'),(297,289,'NULL'),(298,290,'NULL'),(299,291,'NULL'),(300,292,'NULL'),(301,293,'Bridgeman'),(302,293,'Soldier'),(303,294,'NULL'),(304,295,'NULL'),(305,296,'NULL'),(306,297,'NULL'),(307,298,'NULL'),(308,299,'NULL'),(309,300,'NULL'),(310,301,'NULL'),(311,302,'Noble'),(312,303,'Noble'),(313,303,'Adopted member of Bridge Four'),(314,304,'NULL'),(315,305,'Soldier'),(316,306,'NULL'),(317,307,'NULL'),(318,308,'NULL'),(319,309,'NULL'),(320,310,'NULL'),(321,311,'Guard of House Davar'),(322,312,'Soldier'),(323,313,'Spy'),(324,313,'Bridgeman'),(325,314,'Bridge Four cook'),(326,315,'NULL'),(327,316,'Highprince'),(328,317,'NULL'),(329,318,'NULL'),(330,319,'NULL'),(331,320,'NULL'),(332,321,'Highprince'),(333,322,'NULL'),(334,323,'Herald of the Almighty'),(335,324,'Ward of Jasnah Kholin'),(336,324,'Ghostblood (affiliated)'),(337,324,'Knight Radiant'),(338,325,'NULL'),(339,326,'Bridgeman'),(340,326,'Spy'),(341,327,'NULL'),(342,328,'NULL'),(343,329,'Worldsinger'),(344,329,'Bridgeman'),(345,330,'NULL'),(346,331,'NULL'),(347,332,'NULL'),(348,333,'Bridgeman'),(349,333,'Squire'),(350,334,'NULL'),(351,335,'Bondsmithspren'),(352,336,'King'),(353,337,'NULL'),(354,338,'NULL'),(355,339,'Windrunnerspren'),(356,341,'NULL'),(357,342,'NULL'),(358,343,'NULL'),(359,344,'NULL'),(360,345,'NULL'),(361,346,'NULL'),(362,347,'Herald of the Almighty'),(363,348,'NULL'),(364,349,'NULL'),(365,350,'NULL'),(366,351,'King'),(367,352,'NULL'),(368,353,'Soldier'),(369,354,'NULL'),(370,355,'Envisager (formerly)'),(371,355,'Bridgeman (formerly)'),(372,356,'Soldier'),(373,357,'NULL'),(374,358,'Farmer'),(375,358,'Elantrian'),(376,359,'NULL'),(377,360,'NULL'),(378,361,'NULL'),(379,362,'Soldier'),(380,363,'Highprince'),(381,364,'NULL'),(382,365,'NULL'),(383,366,'NULL'),(384,367,'NULL'),(385,368,'NULL'),(386,369,'The Seventeenth Shard'),(387,370,'NULL'),(388,371,'NULL'),(389,372,'Soldier'),(390,373,'NULL'),(391,374,'NULL'),(392,375,'NULL'),(393,376,'NULL'),(394,377,'NULL'),(395,378,'NULL'),(396,379,'NULL'),(397,380,'NULL'),(398,381,'NULL'),(399,382,'NULL'),(400,383,'NULL'),(401,384,'Highprince'),(402,385,'Sailor'),(403,386,'NULL'),(404,387,'Soldier'),(405,388,'NULL'),(406,389,'Con-artist'),(407,390,'King'),(408,391,'NULL'),(409,392,'NULL'),(410,393,'Highprince'),(411,394,'NULL'),(412,395,'NULL'),(413,396,'NULL'),(414,397,'NULL'),(415,398,'NULL'),(416,399,'Soldier'),(417,400,'NULL'),(418,401,'NULL'),(419,402,'NULL'),(420,403,'NULL'),(421,404,'Herald of the Almighty'),(422,405,'Ghostblood'),(423,406,'NULL'),(424,407,'NULL'),(425,408,'Merchant'),(426,408,'Minister'),(427,408,'Liason'),(428,409,'NULL'),(429,410,'NULL'),(430,411,'Brightlord of Hearthstone'),(431,412,'NULL'),(432,413,'Edgedancerspren'),(433,414,'NULL'),(434,415,'NULL'),(435,416,'NULL'),(436,417,'Thief (previously)'),(437,417,'Emperor (currently)'),(438,418,'NULL'),(439,419,'NULL'),(440,420,'NULL'),(441,421,'NULL'),(442,422,'NULL'),(443,423,'NULL'),(444,424,'Ardent'),(445,425,'NULL'),(446,426,'NULL');
/*!40000 ALTER TABLE `characters_occupation` ENABLE KEYS */;
UNLOCK TABLES;

--
-- Table structure for table `characters_status`
--

DROP TABLE IF EXISTS `characters_status`;
/*!40101 SET @saved_cs_client     = @@character_set_client */;
/*!40101 SET character_set_client = utf8 */;
CREATE TABLE `characters_status` (
  `character_status_id` smallint(5) unsigned NOT NULL AUTO_INCREMENT,
  `character_id` smallint(5) unsigned NOT NULL,
  `status` varchar(15) NOT NULL,
  PRIMARY KEY (`character_status_id`)
) ENGINE=InnoDB AUTO_INCREMENT=427 DEFAULT CHARSET=latin1;
/*!40101 SET character_set_client = @saved_cs_client */;

--
-- Dumping data for table `characters_status`
--

LOCK TABLES `characters_status` WRITE;
/*!40000 ALTER TABLE `characters_status` DISABLE KEYS */;
INSERT INTO `characters_status` VALUES (1,1,'Unknown'),(2,2,'Unknown'),(3,3,'Unknown'),(4,4,'Dead'),(5,5,'Alive'),(6,6,'Alive'),(7,7,'Alive'),(8,8,'Dead'),(9,9,'Alive'),(10,10,'Dead'),(11,11,'Dead'),(12,12,'Dead'),(13,13,'Unknown'),(14,14,'Dead'),(15,15,'Alive'),(16,16,'Unknown'),(17,17,'Alive'),(18,18,'Dead'),(19,19,'Alive'),(20,20,'Alive'),(21,21,'Unknown'),(22,22,'Alive'),(23,23,'Alive'),(24,24,'Unknown'),(25,25,'Unknown'),(26,26,'Alive'),(27,27,'Unknown'),(28,28,'Unknown'),(29,29,'Dead'),(30,30,'Alive'),(31,31,'Alive'),(32,32,'Alive'),(33,33,'Unknown'),(34,34,'Alive'),(35,35,'Unknown'),(36,36,'Alive'),(37,37,'Alive'),(38,38,'Dead'),(39,39,'Unknown'),(40,40,'Unknown'),(41,41,'Alive'),(42,42,'NULL'),(43,43,'Dead'),(44,44,'Alive'),(45,45,'Dead'),(46,46,'Unknown'),(47,47,'Unknown'),(48,48,'Dead'),(49,49,'Unknown'),(50,50,'Unknown'),(51,51,'Unknown'),(52,52,'Alive'),(53,53,'Unknown'),(54,54,'Unknown'),(55,55,'Dead'),(56,56,'Alive'),(57,57,'Dead'),(58,58,'Unknown'),(59,59,'Alive'),(60,60,'Dead'),(61,61,'Dead'),(62,62,'Alive'),(63,63,'Unknown'),(64,64,'Alive'),(65,65,'Unknown'),(66,66,'Dead'),(67,67,'Dead'),(68,68,'Dead'),(69,69,'Dead'),(70,70,'Dead'),(71,71,'Unknown'),(72,72,'Unknown'),(73,73,'Alive'),(74,74,'Dead'),(75,75,'Dead'),(76,76,'Unknown'),(77,77,'Unknown'),(78,78,'Unknown'),(79,79,'Dead'),(80,80,'Alive'),(81,81,'NULL'),(82,82,'Alive'),(83,83,'Unknown'),(84,84,'Dead'),(85,85,'Unknown'),(86,86,'Dead'),(87,87,'Unknown'),(88,88,'Unknown'),(89,89,'Unknown'),(90,90,'Unknown'),(91,91,'Unknown'),(92,92,'Unknown'),(93,93,'Alive'),(94,94,'Alive'),(95,95,'Unknown'),(96,96,'NULL'),(97,97,'Dead'),(98,98,'Dead'),(99,99,'Dead'),(100,100,'Alive'),(101,101,'Alive'),(102,102,'Unknown'),(103,103,'Unknown'),(104,104,'Unknown'),(105,105,'Unknown'),(106,106,'Dead'),(107,107,'Dead'),(108,108,'Alive'),(109,109,'Dead'),(110,110,'Dead'),(111,111,'Unknown'),(112,112,'Unknown'),(113,113,'Alive'),(114,114,'Dead'),(115,115,'Dead'),(116,116,'NULL'),(117,117,'Alive'),(118,118,'Alive'),(119,119,'Alive'),(120,120,'Alive'),(121,121,'Alive'),(122,122,'Unknown'),(123,123,'Alive'),(124,124,'Dead'),(125,125,'Dead'),(126,126,'Dead'),(127,127,'Alive'),(128,128,'Alive'),(129,129,'Dead'),(130,130,'Unknown'),(131,131,'Unknown'),(132,132,'Unknown'),(133,133,'Dead'),(134,134,'Dead'),(135,135,'NULL'),(136,136,'Unknown'),(137,137,'Unknown'),(138,138,'Alive'),(139,139,'Alive'),(140,140,'Unknown'),(141,141,'Unknown'),(142,142,'Unknown'),(143,143,'Dead'),(144,144,'Dead'),(145,145,'Unknown'),(146,146,'Alive'),(147,147,'Alive'),(148,148,'Alive'),(149,149,'Alive'),(150,150,'Alive'),(151,151,'Dead'),(152,152,'Unknown'),(153,153,'Alive'),(154,154,'Unknown'),(155,155,'Dead'),(156,156,'Alive'),(157,157,'Unknown'),(158,158,'Alive'),(159,159,'Unknown'),(160,160,'Alive'),(161,161,'Unknown'),(162,162,'Alive'),(163,163,'Alive'),(164,164,'Dead'),(165,165,'Dead'),(166,166,'Unknown'),(167,167,'Unknown'),(168,168,'Unknown'),(169,169,'Alive'),(170,170,'Unknown'),(171,171,'Alive'),(172,172,'Unknown'),(173,173,'Unknown'),(174,174,'Dead'),(175,175,'Unknown'),(176,176,'Unknown'),(177,177,'Alive'),(178,178,'NULL'),(179,179,'Alive'),(180,180,'Alive'),(181,181,'Alive'),(182,182,'Unknown'),(183,183,'Alive'),(184,184,'Unknown'),(185,185,'Unknown'),(186,186,'Unknown'),(187,187,'Dead'),(188,188,'Alive'),(189,189,'Alive'),(190,190,'Unknown'),(191,191,'Alive'),(192,192,'Unknown'),(193,193,'Dead'),(194,194,'Dead'),(195,195,'Dead'),(196,196,'Alive'),(197,197,'Unknown'),(198,198,'Unknown'),(199,199,'Dead'),(200,200,'Dead'),(201,201,'Alive'),(202,202,'Unknown'),(203,203,'Dead'),(204,204,'Unknown'),(205,205,'Alive'),(206,206,'Unknown'),(207,207,'Alive'),(208,208,'Unknown'),(209,209,'Dead'),(210,210,'Unknown'),(211,211,'Unknown'),(212,212,'Unknown'),(213,213,'Unknown'),(214,214,'Unknown'),(215,215,'Alive'),(216,216,'Dead'),(217,217,'NULL'),(218,218,'Alive'),(219,219,'Unknown'),(220,220,'Dead'),(221,221,'Alive'),(222,222,'Unknown'),(223,223,'Dead'),(224,224,'Unknown'),(225,225,'Unknown'),(226,226,'Dead'),(227,227,'Dead'),(228,228,'Dead'),(229,229,'Dead'),(230,230,'Dead'),(231,231,'Unknown'),(232,232,'Alive'),(233,233,'Dead'),(234,234,'Unknown'),(235,235,'Unknown'),(236,236,'Alive'),(237,237,'Alive'),(238,238,'Dead'),(239,239,'Dead'),(240,240,'Unknown'),(241,241,'Dead'),(242,242,'Alive'),(243,243,'Alive'),(244,244,'Dead'),(245,245,'Alive'),(246,246,'Alive'),(247,247,'Unknown'),(248,248,'Alive'),(249,249,'Alive'),(250,250,'Unknown'),(251,251,'Dead'),(252,252,'Unknown'),(253,253,'Dead'),(254,254,'NULL'),(255,255,'Unknown'),(256,256,'Unknown'),(257,257,'Alive'),(258,258,'NULL'),(259,259,'Unknown'),(260,260,'Dead'),(261,261,'Dead'),(262,262,'Dead'),(263,263,'Unknown'),(264,264,'Unknown'),(265,265,'Unknown'),(266,266,'Alive'),(267,267,'Alive'),(268,268,'Dead'),(269,269,'Alive'),(270,270,'Dead'),(271,271,'Unknown'),(272,272,'Alive'),(273,273,'Alive'),(274,274,'Alive'),(275,275,'Dead'),(276,276,'Alive'),(277,277,'NULL'),(278,278,'NULL'),(279,279,'NULL'),(280,280,'Alive'),(281,281,'Alive'),(282,282,'Unknown'),(283,283,'Dead'),(284,284,'Dead'),(285,285,'Unknown'),(286,286,'Unknown'),(287,287,'Alive'),(288,288,'Dead'),(289,289,'Alive'),(290,290,'Dead'),(291,291,'Unknown'),(292,292,'Unknown'),(293,293,'Unknown'),(294,294,'Dead'),(295,295,'Unknown'),(296,296,'Unknown'),(297,297,'Unknown'),(298,298,'Alive'),(299,299,'Unknown'),(300,300,'Alive'),(301,301,'Dead'),(302,302,'Unknown'),(303,303,'Alive'),(304,304,'Unknown'),(305,305,'Unknown'),(306,306,'Alive'),(307,307,'Alive'),(308,308,'Unknown'),(309,309,'Unknown'),(310,310,'Dead'),(311,311,'Unknown'),(312,312,'Unknown'),(313,313,'Alive'),(314,314,'Alive'),(315,315,'Dead'),(316,316,'Dead'),(317,317,'Alive'),(318,318,'Alive'),(319,319,'Unknown'),(320,320,'Unknown'),(321,321,'Alive'),(322,322,'Dead'),(323,323,'Alive'),(324,324,'Alive'),(325,325,'Unknown'),(326,326,'Alive'),(327,327,'Unknown'),(328,328,'Alive'),(329,329,'Alive'),(330,330,'Dead'),(331,331,'Dead'),(332,332,'Alive'),(333,333,'Alive'),(334,334,'Dead'),(335,335,'Alive'),(336,336,'Dead'),(337,337,'Alive'),(338,338,'Unknown'),(339,339,'Alive'),(340,340,'Alive'),(341,341,'Unknown'),(342,342,'Dead'),(343,343,'Alive'),(344,344,'Alive'),(345,345,'Unknown'),(346,346,'Unknown'),(347,347,'Alive'),(348,348,'Alive'),(349,349,'Unknown'),(350,350,'Unknown'),(351,351,'Alive'),(352,352,'Alive'),(353,353,'Unknown'),(354,354,'Unknown'),(355,355,'Alive'),(356,356,'Dead'),(357,357,'Unknown'),(358,358,'Alive'),(359,359,'Unknown'),(360,360,'Alive'),(361,361,'Unknown'),(362,362,'Unknown'),(363,363,'Unknown'),(364,364,'Alive'),(365,365,'Alive'),(366,366,'Alive'),(367,367,'Alive'),(368,368,'Alive'),(369,369,'Alive'),(370,370,'Alive'),(371,371,'Unknown'),(372,372,'Unknown'),(373,373,'NULL'),(374,374,'Unknown'),(375,375,'Alive'),(376,376,'Unknown'),(377,377,'Dead'),(378,378,'Dead'),(379,379,'Unknown'),(380,380,'Dead'),(381,381,'Unknown'),(382,382,'Unknown'),(383,383,'Unknown'),(384,384,'NULL'),(385,385,'Unknown'),(386,386,'Dead'),(387,387,'Dead'),(388,388,'Unknown'),(389,389,'NULL'),(390,390,'Dead'),(391,391,'Unknown'),(392,392,'Dead'),(393,393,'Alive'),(394,394,'Alive'),(395,395,'Dead'),(396,396,'Unknown'),(397,397,'Unknown'),(398,398,'Unknown'),(399,399,'Unknown'),(400,400,'Unknown'),(401,401,'Alive'),(402,402,'Alive'),(403,403,'Unknown'),(404,404,'Unknown'),(405,405,'Alive'),(406,406,'Unknown'),(407,407,'Alive'),(408,408,'Alive'),(409,409,'NULL'),(410,410,'Alive'),(411,411,'NULL'),(412,412,'Alive'),(413,413,'Alive'),(414,414,'Unknown'),(415,415,'Unknown'),(416,416,'Unknown'),(417,417,'Alive'),(418,418,'Alive'),(419,419,'Dead'),(420,420,'Dead'),(421,421,'Unknown'),(422,422,'Dead'),(423,423,'Dead'),(424,424,'Alive'),(425,425,'Alive'),(426,426,'Unknown');
/*!40000 ALTER TABLE `characters_status` ENABLE KEYS */;
UNLOCK TABLES;

--
-- Table structure for table `characters_title`
--

DROP TABLE IF EXISTS `characters_title`;
/*!40101 SET @saved_cs_client     = @@character_set_client */;
/*!40101 SET character_set_client = utf8 */;
CREATE TABLE `characters_title` (
  `character_title_id` smallint(5) unsigned NOT NULL AUTO_INCREMENT,
  `character_id` smallint(5) unsigned NOT NULL,
  `title` varchar(40) NOT NULL,
  PRIMARY KEY (`character_title_id`)
) ENGINE=InnoDB AUTO_INCREMENT=467 DEFAULT CHARSET=latin1;
/*!40101 SET character_set_client = @saved_cs_client */;

--
-- Dumping data for table `characters_title`
--

LOCK TABLES `characters_title` WRITE;
/*!40000 ALTER TABLE `characters_title` DISABLE KEYS */;
INSERT INTO `characters_title` VALUES (1,1,'Brightlord'),(2,1,'Highprince'),(3,2,'NULL'),(4,3,'NULL'),(5,4,'NULL'),(6,5,'Brightlord'),(7,5,'Prince of House Kholin'),(8,6,'NULL'),(9,7,'Queen of Alethkar (formerly)'),(10,8,'NULL'),(11,9,'Brightlord'),(12,9,'Highprince'),(13,9,'Highprince of Information'),(14,10,'NULL'),(15,11,'NULL'),(16,12,'NULL'),(17,13,'NULL'),(18,14,'NULL'),(19,15,'NULL'),(20,16,'NULL'),(21,17,'NULL'),(22,18,'NULL'),(23,19,'NULL'),(24,20,'NULL'),(25,21,'NULL'),(26,22,'NULL'),(27,23,'Ardent'),(28,24,'NULL'),(29,25,'NULL'),(30,26,'NULL'),(31,27,'NULL'),(32,28,'NULL'),(33,29,'NULL'),(34,30,'NULL'),(35,31,'NULL'),(36,32,'Nan Balat'),(37,33,'NULL'),(38,34,'NULL'),(39,35,'NULL'),(40,36,'NULL'),(41,37,'NULL'),(42,38,'NULL'),(43,39,'Brightlord'),(44,39,'Highprince'),(45,40,'NULL'),(46,41,'NULL'),(47,42,'NULL'),(48,43,'NULL'),(49,44,'NULL'),(50,45,'Brightlord'),(51,45,'Highprince'),(52,46,'NULL'),(53,47,'NULL'),(54,48,'NULL'),(55,49,'Brightlord'),(56,50,'NULL'),(57,51,'NULL'),(58,52,'Brightlord'),(59,52,'Citylord'),(60,53,'NULL'),(61,54,'Brightlord'),(62,55,'Companylord'),(63,56,'Brightlord'),(64,57,'Brightness'),(65,58,'NULL'),(66,59,'NULL'),(67,60,'Commander'),(68,61,'NULL'),(69,62,'Senior Ardent of the Warcamps'),(70,63,'NULL'),(71,64,'NULL'),(72,65,'NULL'),(73,66,'NULL'),(74,67,'NULL'),(75,68,'NULL'),(76,69,'NULL'),(77,70,'NULL'),(78,71,'NULL'),(79,72,'Sergeant'),(80,73,'Brightlord'),(81,73,'The Blackthorn'),(82,73,'Highprince of War'),(83,74,'NULL'),(84,75,'NULL'),(85,76,'Brightness'),(86,77,'NULL'),(87,78,'NULL'),(88,79,'NULL'),(89,80,'NULL'),(90,81,'King'),(91,82,'NULL'),(92,83,'NULL'),(93,84,'NULL'),(94,85,'NULL'),(95,86,'Brightlord'),(96,86,'King of Alethkar (former)'),(97,87,'Brightlord'),(98,88,'NULL'),(99,89,'NULL'),(100,90,'NULL'),(101,91,'NULL'),(102,92,'Brightness'),(103,93,'NULL'),(104,94,'NULL'),(105,95,'NULL'),(106,96,'Brightness'),(107,97,'Brightlord'),(108,97,'Highprince'),(109,98,'NULL'),(110,99,'NULL'),(111,100,'NULL'),(112,101,'Queen of Thaylenah'),(113,102,'NULL'),(114,103,'NULL'),(115,104,'NULL'),(116,105,'NULL'),(117,106,'NULL'),(118,107,'NULL'),(119,108,'NULL'),(120,109,'NULL'),(121,110,'NULL'),(122,111,'NULL'),(123,112,'Squadleader'),(124,113,'NULL'),(125,114,'NULL'),(126,115,'NULL'),(127,116,'Highprince (pre-coronation)'),(128,116,'King of Alethkar'),(129,117,'Prince of Alethkar'),(130,118,'Prime Aqasix'),(131,119,'NULL'),(132,120,'Ardent'),(133,121,'NULL'),(134,122,'NULL'),(135,123,'Unknown'),(136,124,'NULL'),(137,125,'Commander'),(138,126,'King'),(139,127,'NULL'),(140,128,'NULL'),(141,129,'NULL'),(142,130,'NULL'),(143,131,'NULL'),(144,132,'NULL'),(145,133,'King of Jah Keved'),(146,134,'NULL'),(147,135,'NULL'),(148,136,'NULL'),(149,137,'NULL'),(150,138,'Brightlord'),(151,138,'Highprince'),(152,139,'Captain'),(153,140,'Sergeant'),(154,141,'Bridgelord'),(155,142,'NULL'),(156,143,'NULL'),(157,144,'Nan Helaran'),(158,145,'NULL'),(159,146,'NULL'),(160,147,'NULL'),(161,148,'King\'s Wit'),(162,149,'NULL'),(163,150,'NULL'),(164,151,'NULL'),(165,152,'NULL'),(166,153,'NULL'),(167,154,'Brightness'),(168,155,'NULL'),(169,156,'Royal Cartographer'),(170,157,'Herald of Luck'),(171,158,'NULL'),(172,159,'NULL'),(173,160,'Inkspren'),(174,161,'NULL'),(175,162,'Babsk'),(176,163,'Brightlord'),(177,164,'NULL'),(178,165,'Brightlord'),(179,165,'Highprince'),(180,166,'NULL'),(181,167,'NULL'),(182,168,'NULL'),(183,169,'Brightness'),(184,169,'Queen of Alethkar'),(185,170,'Brightlord'),(186,170,'Highprince'),(187,171,'NULL'),(188,172,'NULL'),(189,173,'NULL'),(190,174,'King of the Heralds'),(191,175,'Head of the Silent Gatherers'),(192,176,'NULL'),(193,177,'Asha Jushu'),(194,178,'Ardent'),(195,179,'NULL'),(196,180,'NULL'),(197,181,'Kaladin Stormblessed'),(198,181,'Captain of the King\'s Guard'),(199,182,'NULL'),(200,183,'NULL'),(201,184,'NULL'),(202,185,'NULL'),(203,186,'Brightlord'),(204,187,'NULL'),(205,188,'General'),(206,189,'NULL'),(207,190,'NULL'),(208,191,'NULL'),(209,192,'NULL'),(210,193,'NULL'),(211,194,'NULL'),(212,195,'NULL'),(213,196,'NULL'),(214,197,'NULL'),(215,198,'NULL'),(216,199,'Bridge Captain'),(217,200,'NULL'),(218,201,'NULL'),(219,202,'NULL'),(220,203,'NULL'),(221,204,'NULL'),(222,205,'NULL'),(223,206,'NULL'),(224,207,'NULL'),(225,208,'NULL'),(226,209,'Brightlord'),(227,210,'NULL'),(228,211,'NULL'),(229,212,'NULL'),(230,213,'NULL'),(231,214,'NULL'),(232,215,'The Lopen'),(233,215,'Bridge Four Assistant Quartermaster'),(234,216,'NULL'),(235,217,'NULL'),(236,218,'NULL'),(237,219,'Head of Caravan'),(238,220,'NULL'),(239,221,'NULL'),(240,222,'NULL'),(241,223,'NULL'),(242,224,'Captainlord of the Cobalt Guard'),(243,225,'NULL'),(244,226,'NULL'),(245,227,'Brightness'),(246,228,'NULL'),(247,229,'NULL'),(248,230,'NULL'),(249,231,'Cobalt Guard'),(250,232,'NULL'),(251,233,'NULL'),(252,234,'NULL'),(253,235,'Brightlord'),(254,235,'Captain of the bridge crews'),(255,236,'NULL'),(256,237,'NULL'),(257,238,'NULL'),(258,239,'Brightlord'),(259,239,'Highmarshal'),(260,239,'Son of Honor'),(261,240,'Squadleader'),(262,241,'NULL'),(263,242,'NULL'),(264,243,'NULL'),(265,244,'NULL'),(266,245,'Bridge Four Sub-commander (TWoK)'),(267,246,'NULL'),(268,247,'NULL'),(269,248,'NULL'),(270,249,'NULL'),(271,250,'NULL'),(272,251,'NULL'),(273,252,'NULL'),(274,253,'NULL'),(275,254,'NULL'),(276,255,'NULL'),(277,256,'NULL'),(278,257,'Herald of Justice'),(279,258,'NULL'),(280,259,'NULL'),(281,260,'NULL'),(282,261,'NULL'),(283,262,'NULL'),(284,263,'NULL'),(285,264,'NULL'),(286,265,'NULL'),(287,266,'Brightness'),(288,266,'Queen of Alethkar (former)'),(289,267,'NULL'),(290,268,'NULL'),(291,269,'NULL'),(292,270,'NULL'),(293,271,'NULL'),(294,272,'Shardblade'),(295,273,'NULL'),(296,274,'NULL'),(297,275,'Head of the Cobalt Guard (formerly)'),(298,276,'NULL'),(299,277,'King of Alethela'),(300,278,'NULL'),(301,279,'NULL'),(302,280,'NULL'),(303,281,'NULL'),(304,282,'NULL'),(305,283,'NULL'),(306,284,'NULL'),(307,285,'NULL'),(308,286,'NULL'),(309,287,'NULL'),(310,288,'NULL'),(311,289,'NULL'),(312,290,'NULL'),(313,291,'NULL'),(314,292,'NULL'),(315,293,'Sergeant'),(316,294,'NULL'),(317,295,'NULL'),(318,296,'NULL'),(319,297,'NULL'),(320,298,'NULL'),(321,299,'NULL'),(322,300,'NULL'),(323,301,'NULL'),(324,302,'Brightlord'),(325,303,'Brightlord'),(326,303,'Prince of House Kholin'),(327,304,'NULL'),(328,305,'Brightlord'),(329,306,'Brightlord'),(330,307,'NULL'),(331,308,'NULL'),(332,309,'NULL'),(333,310,'NULL'),(334,311,'Captain'),(335,312,'Head Quartermaster'),(336,313,'NULL'),(337,314,'Horneater'),(338,314,'Bridge Four Lieutenant'),(339,314,'Bridge Four Quartermaster'),(340,315,'NULL'),(341,316,'Brightlord'),(342,316,'Highprince'),(343,317,'NULL'),(344,318,'NULL'),(345,319,'NULL'),(346,320,'NULL'),(347,321,'Brightlord'),(348,321,'Highprince'),(349,321,'Highprince of Commerce'),(350,322,'NULL'),(351,323,'Herald Of Beauty'),(352,324,'Brightness'),(353,325,'NULL'),(354,326,'NULL'),(355,327,'NULL'),(356,328,'NULL'),(357,329,'Lieutenant'),(358,330,'NULL'),(359,331,'NULL'),(360,332,'NULL'),(361,333,'Bridge Four Squad Sergeant'),(362,334,'NULL'),(363,335,'Splinter'),(364,335,'Cognitive shadow'),(365,336,'King of Alethkar'),(366,337,'NULL'),(367,338,'NULL'),(368,339,'Honorspren'),(369,339,'Ancient Daughter'),(370,340,'Truthless'),(371,340,'Assassin in White'),(372,341,'NULL'),(373,342,'NULL'),(374,343,'NULL'),(375,344,'NULL'),(376,345,'NULL'),(377,346,'NULL'),(378,347,'Herald of War'),(379,347,'Madman'),(380,348,'NULL'),(381,349,'NULL'),(382,350,'NULL'),(383,351,'King of Kharbranth/Jah Keved'),(384,352,'NULL'),(385,353,'Scoutlord'),(386,354,'NULL'),(387,355,'Bridge Four Sergeant'),(388,356,'Highlord'),(389,357,'NULL'),(390,358,'NULL'),(391,359,'NULL'),(392,360,'NULL'),(393,361,'NULL'),(394,362,'Captain'),(395,363,'Brightlord'),(396,363,'Highprince'),(397,364,'NULL'),(398,365,'NULL'),(399,366,'NULL'),(400,367,'NULL'),(401,368,'NULL'),(402,369,'NULL'),(403,370,'NULL'),(404,371,'NULL'),(405,372,'Cobalt Guard'),(406,373,'NULL'),(407,374,'NULL'),(408,375,'NULL'),(409,376,'NULL'),(410,377,'NULL'),(411,378,'NULL'),(412,379,'NULL'),(413,380,'NULL'),(414,381,'NULL'),(415,382,'NULL'),(416,383,'Brightlord'),(417,384,'Brightlord'),(418,384,'Highprince of Information (resigned)'),(419,385,'Captain'),(420,386,'NULL'),(421,387,'Sergeant'),(422,388,'NULL'),(423,389,'Guard Captain'),(424,389,'Assassin'),(425,390,'Brightlord'),(426,390,'Highprince'),(427,390,'King'),(428,391,'NULL'),(429,392,'NULL'),(430,393,'Brightlord'),(431,393,'Highprince'),(432,394,'NULL'),(433,395,'NULL'),(434,396,'NULL'),(435,397,'NULL'),(436,398,'NULL'),(437,399,'Squadleader'),(438,400,'NULL'),(439,401,'NULL'),(440,402,'NULL'),(441,403,'NULL'),(442,404,'NULL'),(443,405,'Little Knife'),(444,406,'NULL'),(445,407,'NULL'),(446,408,'Trademaster'),(447,408,'Minister of Trade'),(448,409,'NULL'),(449,410,'Tet Wikim'),(450,411,'Brightlord Wistiow'),(451,412,'NULL'),(452,413,'Cultivationspren'),(453,414,'Kadasix'),(454,415,'NULL'),(455,416,'NULL'),(456,417,'Prime Aqasix'),(457,418,'NULL'),(458,419,'Highprince'),(459,420,'NULL'),(460,421,'NULL'),(461,422,'NULL'),(462,423,'NULL'),(463,424,'Sword Master'),(464,424,'Scholar (as in one of the Five Scholars)'),(465,425,'NULL'),(466,426,'NULL');
/*!40000 ALTER TABLE `characters_title` ENABLE KEYS */;
UNLOCK TABLES;

--
-- Table structure for table `ethnicity`
--

DROP TABLE IF EXISTS `ethnicity`;
/*!40101 SET @saved_cs_client     = @@character_set_client */;
/*!40101 SET character_set_client = utf8 */;
CREATE TABLE `ethnicity` (
  `ethnicity_id` tinyint(3) unsigned NOT NULL AUTO_INCREMENT,
  `ethnicity` varchar(30) NOT NULL,
  PRIMARY KEY (`ethnicity_id`)
) ENGINE=InnoDB AUTO_INCREMENT=44 DEFAULT CHARSET=latin1;
/*!40101 SET character_set_client = @saved_cs_client */;

--
-- Dumping data for table `ethnicity`
--

LOCK TABLES `ethnicity` WRITE;
/*!40000 ALTER TABLE `ethnicity` DISABLE KEYS */;
INSERT INTO `ethnicity` VALUES (1,'Veden'),(2,'Alethi'),(3,'NULL'),(4,'Shin'),(5,'Unknown'),(6,'Dysian Amian'),(7,'Thaylen'),(8,'Alethi (suspected)'),(9,'Natanatani'),(10,'Emuli'),(11,'Siah Aimian'),(12,'Jah Kevedian'),(13,'Alethi (implied)'),(14,'Herdazian'),(15,'Rianal'),(16,'Mixed'),(17,'Riran'),(18,'Azish'),(19,'Unkalaki (implied)'),(20,'Frostlandian'),(21,'Yolish'),(22,'Alethi/Azish'),(23,'Purelaker'),(24,'Malwish Southerner'),(25,'Taldainian'),(26,'Reshi'),(27,'Unkalaki'),(28,'Alethi (presumed)'),(29,'Tashikki'),(30,'Uvaran'),(31,'Thaylen (likely)'),(32,'Threnodian'),(33,'Cryptic'),(34,'Parshman'),(35,'Honor'),(36,'Selan'),(37,'Alethi/Iriali'),(38,'Makabaki'),(39,'Dysian Aimian'),(40,'Scadrian'),(41,'Cultivation'),(42,'Iriali'),(43,'Idrian');
/*!40000 ALTER TABLE `ethnicity` ENABLE KEYS */;
UNLOCK TABLES;

--
-- Table structure for table `gender`
--

DROP TABLE IF EXISTS `gender`;
/*!40101 SET @saved_cs_client     = @@character_set_client */;
/*!40101 SET character_set_client = utf8 */;
CREATE TABLE `gender` (
  `gender_id` tinyint(3) unsigned NOT NULL AUTO_INCREMENT,
  `gender` varchar(15) NOT NULL,
  PRIMARY KEY (`gender_id`)
) ENGINE=InnoDB AUTO_INCREMENT=6 DEFAULT CHARSET=latin1;
/*!40101 SET character_set_client = @saved_cs_client */;

--
-- Dumping data for table `gender`
--

LOCK TABLES `gender` WRITE;
/*!40000 ALTER TABLE `gender` DISABLE KEYS */;
INSERT INTO `gender` VALUES (1,'Male'),(2,'Female'),(3,'NULL'),(4,'Male (assumed)'),(5,'Unknown');
/*!40000 ALTER TABLE `gender` ENABLE KEYS */;
UNLOCK TABLES;

--
-- Table structure for table `name`
--

DROP TABLE IF EXISTS `name`;
/*!40101 SET @saved_cs_client     = @@character_set_client */;
/*!40101 SET character_set_client = utf8 */;
CREATE TABLE `name` (
  `name_id` smallint(5) unsigned NOT NULL AUTO_INCREMENT,
  `name` varchar(30) NOT NULL,
  PRIMARY KEY (`name_id`)
) ENGINE=InnoDB AUTO_INCREMENT=421 DEFAULT CHARSET=latin1;
/*!40101 SET character_set_client = @saved_cs_client */;

--
-- Dumping data for table `name`
--

LOCK TABLES `name` WRITE;
/*!40000 ALTER TABLE `name` DISABLE KEYS */;
INSERT INTO `name` VALUES (1,'Abrial'),(2,'Abrobadar'),(3,'Abronai'),(4,'Adis'),(5,'Adolin Kholin'),(6,'Adrotagia'),(7,'Aesudan Kholin'),(8,'Alabet'),(9,'Aladar'),(10,'Alakavish'),(11,'Alds'),(12,'Ali-daughter-Hasweth'),(13,'Alim'),(14,'Amark'),(15,'Apara'),(16,'Apothecary'),(17,'Arclo'),(18,'Artmyrn'),(19,'Unknown'),(20,'Ashelem'),(21,'Ashertmarn'),(22,'Ashir'),(23,'Ashlv'),(24,'Au-nak'),(25,'Av'),(26,'Avado'),(27,'Avaran'),(28,'Avena'),(29,'Axies the Collector'),(30,'Ba-Ado-Mishram'),(31,'Balat Davar'),(32,'Barlesha Lhan'),(33,'Barmest'),(34,'Bashin'),(35,'Battar'),(36,'Baxil'),(37,'Beld'),(38,'Bethab'),(39,'Bila'),(40,'Bisig'),(41,'NULL'),(42,'Bluth'),(43,'Bordin'),(44,'Boriar'),(45,'Brianlia'),(46,'Brightlord Gevelmar'),(47,'Brightlord Havar'),(48,'Brightlord Lustow'),(49,'Brightlord Morakotha'),(50,'Brightlord Resi'),(51,'Brightlord Roshone'),(52,'Brightlord Seveks'),(53,'Brightlord Sheler'),(54,'Brightlord Tashlin'),(55,'Brightlord Tavinar'),(56,'Brightness Davar'),(57,'Brightness Hasheh'),(58,'Brightness Istow'),(59,'Cael'),(60,'Cenn'),(61,'Chanada'),(62,'Chanarach'),(63,'Chilinko'),(64,'Chivi'),(65,'Corberon'),(66,'Coreb'),(67,'Corl'),(68,'Corvana'),(69,'Cyn'),(70,'Dabbid'),(71,'Dalar'),(72,'Dalinar Kholin'),(73,'Dallet'),(74,'Dandos the Oilsworn'),(75,'Danlan Morakotha'),(76,'Davim'),(77,'Deeli'),(78,'Delp'),(79,'Demid'),(80,'Derethil'),(81,'Dova'),(82,'Drehy'),(83,'Dunny'),(84,'Dym'),(85,'Elhokar Kholin'),(86,'Elit Ruthar'),(87,'Elthal'),(88,'Elthebar'),(89,'En'),(90,'Erraniv'),(91,'Eshava'),(92,'Eshonai'),(93,'Eshonai\'s Mother'),(94,'Eth'),(95,'Evi Kholin'),(96,'Evinor'),(97,'Evod Markmaker'),(98,'Extes'),(99,'Eylita Tavinar'),(100,'F\'en Rnamdi'),(101,'Fabrisan'),(102,'Falilar'),(103,'Falksi'),(104,'Fin'),(105,'Fladm'),(106,'Fleet'),(107,'Frost'),(108,'Gabrathin'),(109,'Gadol'),(110,'Gangnah'),(111,'Gare'),(112,'Gashash'),(113,'Gavarah'),(114,'Gavashaw'),(115,'Gavilar Kholin'),(116,'Gavinor Kholin'),(117,'Gawx'),(118,'Gaz'),(119,'Geranid'),(120,'Ghenna'),(121,'Gitgeth'),(122,'Glys'),(123,'Goshel'),(124,'Graves'),(125,'Gregorh'),(126,'Gu'),(127,'Guyn'),(128,'Hab'),(129,'Habsant'),(130,'Hallaw'),(131,'Hammie'),(132,'Hanavanar'),(133,'Harkaylain'),(134,'Harl'),(135,'Hashal'),(136,'Hasweth'),(137,'Hatham'),(138,'Hauka'),(139,'Hav'),(140,'Havarah'),(141,'Havrom'),(142,'Heb'),(143,'Helaran Davar'),(144,'Hesina'),(145,'Hmalka'),(146,'Hobber'),(147,'Hoid'),(148,'Huqin'),(149,'Ialai Sadeas'),(150,'Idolir'),(151,'Idrin'),(152,'Inadara'),(153,'Inkima'),(154,'Invia'),(155,'Isasik Shulin'),(156,'Ishar'),(157,'Ishikk'),(158,'Ivis'),(159,'Ivory'),(160,'Ixil'),(161,'Iyatil'),(162,'Jakamav'),(163,'Jaks'),(164,'Jal Mala'),(165,'Jam'),(166,'Janala Lustow'),(167,'Jasnah Kholin'),(168,'Jayla Ruthar'),(169,'Jenet'),(170,'Jenin'),(171,'Jest'),(172,'Jezrien'),(173,'Joshor'),(174,'Jost'),(175,'Jushu Davar'),(176,'Kabsal'),(177,'Kadash'),(178,'Kadasix'),(179,'Kaladin'),(180,'Kalak'),(181,'Kalami'),(182,'Kalana'),(183,'Kalishor'),(184,'Katarotam'),(185,'Kazilah'),(186,'Khal'),(187,'Khal\'s Son'),(188,'Khav'),(189,'Khriss'),(190,'Klade'),(191,'Koolf'),(192,'Koorm'),(193,'Korater'),(194,'Kylrm'),(195,'Ladent'),(196,'Lalai'),(197,'Lamaril'),(198,'Lanacin the Surefooted'),(199,'Laral Wistiow'),(200,'Laresh'),(201,'Leef'),(202,'Leyten'),(203,'Lhan'),(204,'Lhanin'),(205,'Lift'),(206,'Lift\'s Mother'),(207,'Lin Davar'),(208,'Lirin'),(209,'Liss'),(210,'Litima'),(211,'Lomard'),(212,'Longshadow'),(213,'Lopen'),(214,'Luesh'),(215,'Lunu\'anaki'),(216,'Maben'),(217,'Macob'),(218,'Madasa'),(219,'Maib'),(220,'Makal'),(221,'Makkek'),(222,'Malan'),(223,'Malasha Seveks'),(224,'Malchin'),(225,'Malise Gevelmar'),(226,'Malop'),(227,'Manaline'),(228,'Maps'),(229,'Marks'),(230,'Marri'),(231,'Mart'),(232,'Matain'),(233,'Matal'),(234,'Maxin'),(235,'May Aladar'),(236,'Melishi'),(237,'Meridas Amaram'),(238,'Mesh'),(239,'Miasal'),(240,'Mik'),(241,'Mik\'s Mother'),(242,'Milp'),(243,'Moash'),(244,'Moelach'),(245,'Mord'),(246,'Mraize'),(247,'Mrall'),(248,'Mungam'),(249,'Murk'),(250,'Nacomb Gaval'),(251,'Nadris'),(252,'Nafti'),(253,'Naget'),(254,'Nakal'),(255,'Nale'),(256,'Nall'),(257,'Nalma'),(258,'Nanhel Entorv'),(259,'Narm'),(260,'Nashan'),(261,'Natam'),(262,'Navammis'),(263,'Navani Kholin'),(264,'Nazh'),(265,'Nelda'),(266,'Nergaoul'),(267,'Neturo'),(268,'Niali the Just'),(269,'Nightblood'),(270,'Nightwatcher'),(271,'Nissiquan'),(272,'Niter'),(273,'Nlent'),(274,'Nohadon'),(275,'Nu Ralik'),(276,'Nuatoma'),(277,'Odium'),(278,'Old Tarn'),(279,'Oolelen'),(280,'Pai'),(281,'Paliah'),(282,'Palona'),(283,'Pama'),(284,'Parasaphi'),(285,'Pattern'),(286,'Pedin'),(287,'Peet'),(288,'Perethom'),(289,'Pitt'),(290,'Placini'),(291,'Punio'),(292,'Ral'),(293,'Ralinor'),(294,'Re-Shepir'),(295,'Red'),(296,'Redin'),(297,'Reesh'),(298,'Relis Ruthar'),(299,'Renarin Kholin'),(300,'Rencalt'),(301,'Reral Makoram'),(302,'Restares'),(303,'Rez'),(304,'Rill'),(305,'Rilla'),(306,'Rillir Roshone'),(307,'Rin'),(308,'Rind'),(309,'Rlain'),(310,'Rock'),(311,'Rod'),(312,'Roion'),(313,'Rushu'),(314,'Rysn'),(315,'Salinor Eved'),(316,'Sani'),(317,'Sebarial'),(318,'Seeli'),(319,'Shalash'),(320,'Shallan Davar'),(321,'Shauka-daughter-Hasweth'),(322,'Shen'),(323,'Shoren'),(324,'Sidin'),(325,'Sigzil'),(326,'Simol'),(327,'Sinbian'),(328,'Sja-anat'),(329,'Skar'),(330,'Sphere Vault Thief'),(331,'Stormfather'),(332,'Sunmaker'),(333,'Swiftspren'),(334,'Syasikk'),(335,'Sylphrena'),(336,'Szeth'),(337,'Tadet'),(338,'Taffa'),(339,'Tag'),(340,'Taka'),(341,'Talanor'),(342,'Talata'),(343,'Talenel\'Elin'),(344,'Talik'),(345,'Tarah'),(346,'Taran'),(347,'Taravangian'),(348,'Taravangian\'s  granddaughter'),(349,'Tarilar'),(350,'Tearim'),(351,'Teft'),(352,'Teleb'),(353,'Telesh'),(354,'Temoo'),(355,'Teshav'),(356,'Tezim'),(357,'Thaidakar'),(358,'Thakka'),(359,'Thanadal'),(360,'Thaspic'),(361,'The Cook'),(362,'The Stump'),(363,'The Weeper'),(364,'Thinker'),(365,'Thresh-son-Esan'),(366,'Thude'),(367,'Tibon'),(368,'Tien'),(369,'Tift'),(370,'Tigzikk'),(371,'Tinalar'),(372,'Tlik'),(373,'Ton'),(374,'Took'),(375,'Torfin'),(376,'Tormas'),(377,'Torol'),(378,'Torol Sadeas'),(379,'Tozbek'),(380,'Treff'),(381,'Tukks'),(382,'Tvlakv'),(383,'Tyn'),(384,'Valam'),(385,'Valama'),(386,'Vallano'),(387,'Vamah'),(388,'Vao'),(389,'Varala'),(390,'Varanis'),(391,'Varas'),(392,'Varnali'),(393,'Varth'),(394,'Vartian'),(395,'Vath'),(396,'Vathah'),(397,'Vathe'),(398,'Vedel'),(399,'Veil'),(400,'Ven'),(401,'Venli'),(402,'Vstim'),(403,'Vun Makak'),(404,'Wikim Davar'),(405,'Wistiow'),(406,'Wmlak'),(407,'Wyndle'),(408,'Yaezir'),(409,'Yake'),(410,'Yalb'),(411,'Yanagawn'),(412,'Yelig-nar'),(413,'Yenev'),(414,'Yezriar'),(415,'Yis'),(416,'Ym'),(417,'Yustara'),(418,'Zahel'),(419,'Zen-daughter-Vath'),(420,'Zuln');
/*!40000 ALTER TABLE `name` ENABLE KEYS */;
UNLOCK TABLES;

--
-- Table structure for table `nationality`
--

DROP TABLE IF EXISTS `nationality`;
/*!40101 SET @saved_cs_client     = @@character_set_client */;
/*!40101 SET character_set_client = utf8 */;
CREATE TABLE `nationality` (
  `nationality_id` tinyint(3) unsigned NOT NULL AUTO_INCREMENT,
  `nationality` varchar(30) NOT NULL,
  PRIMARY KEY (`nationality_id`)
) ENGINE=InnoDB AUTO_INCREMENT=34 DEFAULT CHARSET=latin1;
/*!40101 SET character_set_client = @saved_cs_client */;

--
-- Dumping data for table `nationality`
--

LOCK TABLES `nationality` WRITE;
/*!40000 ALTER TABLE `nationality` DISABLE KEYS */;
INSERT INTO `nationality` VALUES (1,'Jah Kevedian'),(2,'Alethi'),(3,'NULL'),(4,'Kharbranthian'),(5,'Alathelan'),(6,'Shin'),(7,'Unknown'),(8,'Thaylen'),(9,'Natanatani'),(10,'Emuli'),(11,'Aimian'),(12,'Frostlandian'),(13,'Herdazian'),(14,'Rianal'),(15,'Azish'),(16,'Bav'),(17,'Tashikki'),(18,'Purelaker'),(19,'Silverlight'),(20,'Alethi (implied)'),(21,'Taldainian'),(22,'Unkalaki'),(23,'Alethi (presumed)'),(24,'Uvaran'),(25,'Thaylen (likely)'),(26,'Rosharan'),(27,'Reshi'),(28,'Duladelan'),(29,'Tukari'),(30,'Tu Baylan'),(31,'Taldanian'),(32,'Aziri'),(33,'Iriali');
/*!40000 ALTER TABLE `nationality` ENABLE KEYS */;
UNLOCK TABLES;

--
-- Table structure for table `occupation`
--

DROP TABLE IF EXISTS `occupation`;
/*!40101 SET @saved_cs_client     = @@character_set_client */;
/*!40101 SET character_set_client = utf8 */;
CREATE TABLE `occupation` (
  `occupation_id` tinyint(3) unsigned NOT NULL AUTO_INCREMENT,
  `occupation` varchar(30) NOT NULL,
  PRIMARY KEY (`occupation_id`)
) ENGINE=InnoDB AUTO_INCREMENT=53 DEFAULT CHARSET=latin1;
/*!40101 SET character_set_client = @saved_cs_client */;

--
-- Dumping data for table `occupation`
--

LOCK TABLES `occupation` WRITE;
/*!40000 ALTER TABLE `occupation` DISABLE KEYS */;
INSERT INTO `occupation` VALUES (1,'Highprince'),(2,'NULL'),(3,'Noble'),(4,'Soldier'),(5,'Highprince of Information'),(6,'Chemist/Cook'),(7,'Herald of the Almighty'),(8,'Landlord'),(9,'Ardent'),(10,'Leader of the Knights Radiant'),(11,'Clerk/Scribe'),(12,'King'),(13,'Ruler'),(14,'Thief (previously)'),(15,'Emperor (currently)'),(16,'Scientist'),(17,'Truthwatcherspren'),(18,'Guardswoman'),(19,'Bridgeman'),(20,'Elsecallerspren'),(21,'Ghostblood'),(22,'High Scholar'),(23,'Veristitalian'),(24,'Silent Gatherer'),(25,'Politician'),(26,'Quarry-master'),(27,'Assassin'),(28,'Bridgeman (formerly)'),(29,'Squire'),(30,'Merchant'),(31,'King\'s Guard'),(32,'Artifabrian'),(33,'Adopted member of Bridge Four'),(34,'Guard of House Davar'),(35,'Spy'),(36,'Bridge Four cook'),(37,'Ward of Jasnah Kholin'),(38,'Ghostblood (affiliated)'),(39,'Knight Radiant'),(40,'Worldsinger'),(41,'Bondsmithspren'),(42,'Windrunnerspren'),(43,'Envisager (formerly)'),(44,'Farmer'),(45,'Elantrian'),(46,'The Seventeenth Shard'),(47,'Sailor'),(48,'Con-artist'),(49,'Minister'),(50,'Liason'),(51,'Brightlord of Hearthstone'),(52,'Edgedancerspren');
/*!40000 ALTER TABLE `occupation` ENABLE KEYS */;
UNLOCK TABLES;

--
-- Table structure for table `status`
--

DROP TABLE IF EXISTS `status`;
/*!40101 SET @saved_cs_client     = @@character_set_client */;
/*!40101 SET character_set_client = utf8 */;
CREATE TABLE `status` (
  `status_id` tinyint(3) unsigned NOT NULL AUTO_INCREMENT,
  `status` varchar(15) NOT NULL,
  PRIMARY KEY (`status_id`)
) ENGINE=InnoDB AUTO_INCREMENT=5 DEFAULT CHARSET=latin1;
/*!40101 SET character_set_client = @saved_cs_client */;

--
-- Dumping data for table `status`
--

LOCK TABLES `status` WRITE;
/*!40000 ALTER TABLE `status` DISABLE KEYS */;
INSERT INTO `status` VALUES (1,'Unknown'),(2,'Dead'),(3,'Alive'),(4,'NULL');
/*!40000 ALTER TABLE `status` ENABLE KEYS */;
UNLOCK TABLES;

--
-- Table structure for table `title`
--

DROP TABLE IF EXISTS `title`;
/*!40101 SET @saved_cs_client     = @@character_set_client */;
/*!40101 SET character_set_client = utf8 */;
CREATE TABLE `title` (
  `title_id` tinyint(3) unsigned NOT NULL AUTO_INCREMENT,
  `title` varchar(40) NOT NULL,
  PRIMARY KEY (`title_id`)
) ENGINE=InnoDB AUTO_INCREMENT=89 DEFAULT CHARSET=latin1;
/*!40101 SET character_set_client = @saved_cs_client */;

--
-- Dumping data for table `title`
--

LOCK TABLES `title` WRITE;
/*!40000 ALTER TABLE `title` DISABLE KEYS */;
INSERT INTO `title` VALUES (1,'Brightlord'),(2,'Highprince'),(3,'NULL'),(4,'Prince of House Kholin'),(5,'Queen of Alethkar (formerly)'),(6,'Highprince of Information'),(7,'Ardent'),(8,'Nan Balat'),(9,'Citylord'),(10,'Companylord'),(11,'Brightness'),(12,'Commander'),(13,'Senior Ardent of the Warcamps'),(14,'Sergeant'),(15,'The Blackthorn'),(16,'Highprince of War'),(17,'King'),(18,'King of Alethkar (former)'),(19,'Queen of Thaylenah'),(20,'Squadleader'),(21,'Highprince (pre-coronation)'),(22,'King of Alethkar'),(23,'Prince of Alethkar'),(24,'Prime Aqasix'),(25,'Unknown'),(26,'King of Jah Keved'),(27,'Captain'),(28,'Bridgelord'),(29,'Nan Helaran'),(30,'King\'s Wit'),(31,'Royal Cartographer'),(32,'Herald of Luck'),(33,'Inkspren'),(34,'Babsk'),(35,'Queen of Alethkar'),(36,'King of the Heralds'),(37,'Head of the Silent Gatherers'),(38,'Asha Jushu'),(39,'Kaladin Stormblessed'),(40,'Captain of the King\'s Guard'),(41,'General'),(42,'Bridge Captain'),(43,'The Lopen'),(44,'Bridge Four Assistant Quartermaster'),(45,'Head of Caravan'),(46,'Captainlord of the Cobalt Guard'),(47,'Cobalt Guard'),(48,'Captain of the bridge crews'),(49,'Highmarshal'),(50,'Son of Honor'),(51,'Bridge Four Sub-commander (TWoK)'),(52,'Herald of Justice'),(53,'Queen of Alethkar (former)'),(54,'Shardblade'),(55,'Head of the Cobalt Guard (formerly)'),(56,'King of Alethela'),(57,'Head Quartermaster'),(58,'Horneater'),(59,'Bridge Four Lieutenant'),(60,'Bridge Four Quartermaster'),(61,'Highprince of Commerce'),(62,'Herald Of Beauty'),(63,'Lieutenant'),(64,'Bridge Four Squad Sergeant'),(65,'Splinter'),(66,'Cognitive shadow'),(67,'Honorspren'),(68,'Ancient Daughter'),(69,'Truthless'),(70,'Assassin in White'),(71,'Herald of War'),(72,'Madman'),(73,'King of Kharbranth/Jah Keved'),(74,'Scoutlord'),(75,'Bridge Four Sergeant'),(76,'Highlord'),(77,'Highprince of Information (resigned)'),(78,'Guard Captain'),(79,'Assassin'),(80,'Little Knife'),(81,'Trademaster'),(82,'Minister of Trade'),(83,'Tet Wikim'),(84,'Brightlord Wistiow'),(85,'Cultivationspren'),(86,'Kadasix'),(87,'Sword Master'),(88,'Scholar (as in one of the Five Scholars)');
/*!40000 ALTER TABLE `title` ENABLE KEYS */;
UNLOCK TABLES;
/*!40103 SET TIME_ZONE=@OLD_TIME_ZONE */;

/*!40101 SET SQL_MODE=@OLD_SQL_MODE */;
/*!40014 SET FOREIGN_KEY_CHECKS=@OLD_FOREIGN_KEY_CHECKS */;
/*!40014 SET UNIQUE_CHECKS=@OLD_UNIQUE_CHECKS */;
/*!40101 SET CHARACTER_SET_CLIENT=@OLD_CHARACTER_SET_CLIENT */;
/*!40101 SET CHARACTER_SET_RESULTS=@OLD_CHARACTER_SET_RESULTS */;
/*!40101 SET COLLATION_CONNECTION=@OLD_COLLATION_CONNECTION */;
/*!40111 SET SQL_NOTES=@OLD_SQL_NOTES */;

-- Dump completed on 2018-04-20 11:25:12
